Date,ESGU Open,ESGU Close,ESGU Volume,ESGU Daily Return,S&P500 Close,Year
2018-10-15,60.509998,60.16,3800,,2750.790039,2018
2018-10-16,60.595001,61.459999,35600,0.0216,2809.919922,2018
2018-10-17,61.52,61.278,9400,-0.003,2809.209961,2018
2018-10-18,61.172001,60.529999,2600,-0.0122,2768.780029,2018
2018-10-19,60.75,60.5,8300,-0.0005,2767.780029,2018
2018-10-22,60.689999,60.189999,2100,-0.0051,2755.879883,2018
2018-10-23,59.349998,59.869999,8300,-0.0053,2740.689941,2018
2018-10-24,59.950001,58.049999,11700,-0.0304,2656.100098,2018
2018-10-25,58.549999,59.080002,16400,0.0177,2705.570068,2018
2018-10-26,57.990002,58.0,13000,-0.0183,2658.689941,2018
2018-10-29,58.744999,57.68,6900,-0.0055,2641.25,2018
2018-10-30,57.889999,58.296001,19300,0.0107,2682.629883,2018
2018-10-31,59.285,59.605999,1300,0.0225,2711.73999,2018
2018-11-01,59.509998,59.869999,5800,0.0044,2740.370117,2018
2018-11-02,59.959999,59.48,2700,-0.0065,2723.060059,2018
2018-11-05,59.423,59.860001,9900,0.0064,2738.310059,2018
2018-11-06,59.889999,60.014999,3600,0.0026,2755.449951,2018
2018-11-07,60.790001,61.509998,10200,0.0249,2813.889893,2018
2018-11-08,61.459999,61.205002,3700,-0.005,2806.830078,2018
2018-11-09,60.808998,60.75,8100,-0.0074,2781.01001,2018
2018-11-12,60.869999,59.830002,16500,-0.0151,2726.219971,2018
2018-11-13,59.950001,59.669998,19400,-0.0027,2722.179932,2018
2018-11-14,59.990002,59.220001,22800,-0.0075,2701.580078,2018
2018-11-15,58.900002,59.880001,13400,0.0111,2730.199951,2018
2018-11-16,59.82,60.009998,6700,0.0022,2736.27002,2018
2018-11-19,59.700001,59.02,6600,-0.0165,2690.72998,2018
2018-11-20,58.040001,57.959999,31700,-0.018,2641.889893,2018
2018-11-21,58.450001,58.189999,3600,0.004,2649.929932,2018
2018-11-23,57.860001,58.080002,1100,-0.0019,2632.560059,2018
2018-11-26,58.509998,58.779999,3600,0.0121,2673.449951,2018
2018-11-27,58.66,59.02,23700,0.0041,2682.169922,2018
2018-11-28,59.060001,60.349998,44500,0.0225,2743.790039,2018
2018-11-29,60.0,60.130001,21800,-0.0036,2737.800049,2018
2018-11-30,60.189999,60.57,16000,0.0073,2760.169922,2018
2018-12-03,61.360001,61.23,11800,0.0109,2790.370117,2018
2018-12-04,61.279999,59.310001,16500,-0.0314,2700.060059,2018
2018-12-06,58.549999,59.41,58000,0.0017,2695.949951,2018
2018-12-07,59.330002,57.93,27300,-0.0249,2633.080078,2018
2018-12-10,57.849998,58.02,49300,0.0016,2637.719971,2018
2018-12-11,58.720001,58.02,5400,0.0,2636.780029,2018
2018-12-12,58.639999,58.564999,7700,0.0094,2651.070068,2018
2018-12-13,58.580002,58.145,6800,-0.0072,2650.540039,2018
2018-12-14,57.91,57.193001,18800,-0.0164,2599.949951,2018
2018-12-17,56.400002,55.549999,27400,-0.0287,2545.939941,2018
2018-12-18,56.279999,55.77,36300,0.004,2546.159912,2018
2018-12-19,55.630001,55.0,46000,-0.0138,2506.959961,2018
2018-12-20,54.759998,53.919998,120600,-0.0196,2467.419922,2018
2018-12-21,54.439999,52.849998,132200,-0.0198,2416.620117,2018
2018-12-24,52.34,51.48,67100,-0.0259,2351.100098,2018
2018-12-26,51.900002,54.099998,71500,0.0509,2467.699951,2018
2018-12-27,52.91,54.220001,36800,0.0022,2488.830078,2018
2018-12-28,54.830002,54.259998,58500,0.0007,2485.73999,2018
2018-12-31,54.849998,54.93,171000,0.0123,2506.850098,2018
2019-01-02,53.919998,54.73,24200,-0.0036,2510.030029,2019
2019-01-03,54.25,53.459999,20600,-0.0232,2447.889893,2019
2019-01-04,54.314999,55.41,36300,0.0365,2531.939941,2019
2019-01-07,55.419998,55.77,4100,0.0065,2549.689941,2019
2019-01-08,56.459999,56.400002,21000,0.0113,2574.409912,2019
2019-01-09,56.506001,56.549999,21700,0.0027,2584.959961,2019
2019-01-10,56.330002,56.779999,33500,0.0041,2596.639893,2019
2019-01-11,56.639999,56.775002,11600,-0.0001,2596.26001,2019
2019-01-14,56.48,56.59,21400,-0.0033,2582.610107,2019
2019-01-15,56.68,57.110001,13300,0.0092,2610.300049,2019
2019-01-16,57.130001,57.259998,13100,0.0026,2616.100098,2019
2019-01-17,57.25,57.700001,6600,0.0077,2635.959961,2019
2019-01-18,58.93,58.308998,14500,0.0106,2670.709961,2019
2019-01-22,58.23,57.5,35500,-0.0139,2632.899902,2019
2019-01-23,57.799999,57.799999,16000,0.0052,2638.699951,2019
2019-01-24,57.669998,57.82,71900,0.0003,2642.330078,2019
2019-01-25,58.228001,58.279999,15400,0.008,2664.76001,2019
2019-01-28,57.93,57.900002,31700,-0.0065,2643.850098,2019
2019-01-29,57.932999,57.759998,30100,-0.0024,2640.0,2019
2019-01-30,58.240002,58.700001,45100,0.0163,2681.050049,2019
2019-01-31,58.52,59.23,32800,0.009,2704.100098,2019
2019-02-01,59.419998,59.200001,18200,-0.0005,2706.530029,2019
2019-02-04,59.369999,59.504002,9000,0.0051,2724.870117,2019
2019-02-05,59.650002,59.924999,38100,0.0071,2737.699951,2019
2019-02-06,60.0,59.900002,13800,-0.0004,2731.610107,2019
2019-02-07,59.619999,59.32,16400,-0.0097,2706.050049,2019
2019-02-08,59.200001,59.25,12900,-0.0012,2707.879883,2019
2019-02-11,59.669998,59.5,9800,0.0042,2709.800049,2019
2019-02-12,59.939999,60.189999,14600,0.0116,2744.72998,2019
2019-02-13,60.425999,60.48,11300,0.0048,2753.030029,2019
2019-02-14,60.299999,60.41,47500,-0.0012,2745.72998,2019
2019-02-15,60.706001,60.814999,71900,0.0067,2775.600098,2019
2019-02-19,60.84,61.060001,15700,0.004,2779.76001,2019
2019-02-20,61.029999,61.119999,62500,0.001,2784.699951,2019
2019-02-21,60.911999,60.827,9100,-0.0048,2774.879883,2019
2019-02-22,61.279999,61.299999,26600,0.0078,2792.669922,2019
2019-02-25,61.82,61.43,14200,0.0021,2796.110107,2019
2019-02-26,61.169998,61.459999,33600,0.0005,2793.899902,2019
2019-02-27,61.299999,61.439999,20600,-0.0003,2792.379883,2019
2019-02-28,61.25,61.259998,31300,-0.0029,2784.48999,2019
2019-03-01,61.599998,61.599998,29300,0.0056,2803.689941,2019
2019-03-04,61.859001,61.269001,14400,-0.0054,2792.810059,2019
2019-03-05,61.52,61.349998,18800,0.0013,2789.649902,2019
2019-03-06,61.41,60.919998,31600,-0.007,2771.449951,2019
2019-03-07,60.91,60.25,10800,-0.011,2748.929932,2019
2019-03-08,60.009998,60.237,49900,-0.0002,2743.070068,2019
2019-03-11,60.599998,61.169998,19800,0.0155,2783.300049,2019
2019-03-12,61.369999,61.349998,27300,0.0029,2791.52002,2019
2019-03-13,61.75,61.84,19000,0.008,2810.919922,2019
2019-03-14,62.02,61.808998,13100,-0.0005,2808.47998,2019
2019-03-15,61.949001,62.110001,15800,0.0049,2822.47998,2019
2019-03-18,62.34,62.360001,41500,0.004,2832.939941,2019
2019-03-19,62.73,62.25,11600,-0.0018,2832.570068,2019
2019-03-20,62.040001,61.974998,30300,-0.0044,2824.22998,2019
2019-03-21,61.860001,62.689999,12200,0.0115,2854.879883,2019
2019-03-22,62.09,61.470001,28000,-0.0195,2800.709961,2019
2019-03-25,61.5,61.389999,17200,-0.0013,2798.360107,2019
2019-03-26,61.93,61.849998,18900,0.0075,2818.459961,2019
2019-03-27,61.970001,61.52,21600,-0.0053,2805.370117,2019
2019-03-28,61.77,61.73,21400,0.0034,2815.439941,2019
2019-03-29,62.029999,62.139999,6800,0.0066,2834.399902,2019
2019-04-01,62.540001,62.887001,11300,0.012,2867.189941,2019
2019-04-02,62.91,63.029999,49800,0.0023,2867.23999,2019
2019-04-03,63.249001,63.009998,16200,-0.0003,2873.399902,2019
2019-04-04,63.259998,63.150002,14600,0.0022,2879.389893,2019
2019-04-05,63.380001,63.459999,13000,0.0049,2892.73999,2019
2019-04-08,63.34,63.650002,87500,0.003,2895.77002,2019
2019-04-09,63.330002,63.169998,28000,-0.0075,2878.199951,2019
2019-04-10,63.323002,63.48,17600,0.0049,2888.209961,2019
2019-04-11,63.560001,63.529999,13100,0.0008,2888.320068,2019
2019-04-12,64.040001,63.950001,9800,0.0066,2907.409912,2019
2019-04-15,64.139999,63.919998,11900,-0.0005,2905.580078,2019
2019-04-16,64.120003,64.010002,28900,0.0014,2907.060059,2019
2019-04-17,64.129997,63.75,6400,-0.0041,2900.449951,2019
2019-04-18,63.669998,63.902,11400,0.0024,2905.030029,2019
2019-04-22,63.93,64.0,15800,0.0015,2907.969971,2019
2019-04-23,64.199997,64.519997,15400,0.0081,2933.679932,2019
2019-04-24,64.529999,64.510002,18400,-0.0002,2927.25,2019
2019-04-25,64.559998,64.440002,12300,-0.0011,2926.169922,2019
2019-04-26,64.369003,64.540001,21800,0.0016,2939.879883,2019
2019-04-29,64.800003,64.769997,59800,0.0036,2943.030029,2019
2019-04-30,64.730003,64.849998,91500,0.0012,2945.830078,2019
2019-05-01,65.080002,64.300003,24700,-0.0085,2923.72998,2019
2019-05-02,64.360001,64.059998,47600,-0.0037,2917.52002,2019
2019-05-03,64.620003,64.765999,46000,0.011,2945.639893,2019
2019-05-06,63.82,64.529999,47800,-0.0036,2932.469971,2019
2019-05-07,64.050003,63.450001,29400,-0.0167,2884.050049,2019
2019-05-08,63.220001,63.610001,97200,0.0025,2879.419922,2019
2019-05-09,62.950001,63.189999,21900,-0.0066,2870.719971,2019
2019-05-10,63.060001,63.130001,16800,-0.0009,2881.399902,2019
2019-05-13,62.289001,61.82,32200,-0.0208,2811.870117,2019
2019-05-14,61.990002,62.41,46400,0.0095,2834.409912,2019
2019-05-15,62.0,62.777,20200,0.0059,2850.959961,2019
2019-05-16,63.34,63.310001,158100,0.0085,2876.320068,2019
2019-05-17,63.0,62.979,29100,-0.0052,2859.530029,2019
2019-05-20,62.474998,62.540001,18900,-0.007,2840.22998,2019
2019-05-21,63.02,63.049999,63300,0.0082,2864.360107,2019
2019-05-22,62.887001,62.963001,22500,-0.0014,2856.27002,2019
2019-05-23,62.490002,62.098,16200,-0.0137,2822.23999,2019
2019-05-24,62.433998,62.16,45500,0.001,2826.060059,2019
2019-05-28,62.439999,61.775002,16900,-0.0062,2802.389893,2019
2019-05-29,61.223999,61.34,11700,-0.007,2783.02002,2019
2019-05-30,61.509998,61.310001,59200,-0.0005,2788.860107,2019
2019-05-31,60.779999,60.639999,16200,-0.0109,2752.060059,2019
2019-06-03,60.34,60.5,65900,-0.0023,2744.449951,2019
2019-06-04,61.139999,61.59,20800,0.018,2803.27002,2019
2019-06-05,62.220001,62.240002,18600,0.0106,2826.149902,2019
2019-06-06,62.25,62.650002,29300,0.0066,2843.48999,2019
2019-06-07,62.950001,63.349998,11400,0.0112,2873.340088,2019
2019-06-10,63.810001,63.75,30100,0.0063,2886.72998,2019
2019-06-11,64.239998,63.619999,22800,-0.002,2885.719971,2019
2019-06-12,63.630001,63.500999,17500,-0.0019,2879.840088,2019
2019-06-13,63.650002,63.759998,7700,0.0041,2891.639893,2019
2019-06-14,63.530998,63.720001,9700,-0.0006,2886.97998,2019
2019-06-17,63.619999,63.41,13800,-0.0049,2889.669922,2019
2019-06-18,63.98,64.050003,34800,0.0101,2917.75,2019
2019-06-19,64.0,64.379997,38900,0.0052,2926.459961,2019
2019-06-20,64.762001,64.829002,18400,0.007,2954.179932,2019
2019-06-21,64.910004,64.878998,14800,0.0008,2950.459961,2019
2019-06-24,64.970001,64.724998,21300,-0.0024,2945.350098,2019
2019-06-25,64.550003,64.07,26100,-0.0101,2917.379883,2019
2019-06-26,64.18,64.026001,19700,-0.0007,2913.780029,2019
2019-06-27,64.218002,64.269997,21700,0.0038,2924.919922,2019
2019-06-28,64.339996,64.529999,22600,0.004,2941.76001,2019
2019-07-01,65.5,65.209999,29700,0.0105,2964.330078,2019
2019-07-02,65.269997,65.160004,18000,-0.0008,2973.01001,2019
2019-07-03,65.629997,65.726997,7100,0.0087,2995.820068,2019
2019-07-05,65.410004,65.629997,26800,-0.0015,2990.409912,2019
2019-07-08,65.300003,65.410004,64800,-0.0034,2975.949951,2019
2019-07-09,65.18,65.440002,14500,0.0005,2979.629883,2019
2019-07-10,65.919998,65.694,15100,0.0039,2993.070068,2019
2019-07-11,65.980003,65.746002,21500,0.0008,2999.909912,2019
2019-07-12,66.014999,66.127998,24100,0.0058,3013.77002,2019
2019-07-15,66.43,66.199997,8800,0.0011,3014.300049,2019
2019-07-16,66.339996,66.040001,23900,-0.0024,3004.040039,2019
2019-07-17,66.120003,65.636002,19400,-0.0061,2984.419922,2019
2019-07-18,65.5,65.739998,16800,0.0016,2995.110107,2019
2019-07-19,65.959999,65.459999,15900,-0.0043,2976.610107,2019
2019-07-22,65.580002,65.580002,16300,0.0018,2985.030029,2019
2019-07-23,66.0,65.998001,29200,0.0064,3005.469971,2019
2019-07-24,65.790001,66.389999,16500,0.0059,3019.560059,2019
2019-07-25,66.459999,65.970001,20300,-0.0063,3003.669922,2019
2019-07-26,66.330002,66.449997,30300,0.0073,3025.860107,2019
2019-07-29,66.610001,66.419998,18700,-0.0005,3020.969971,2019
2019-07-30,66.139999,66.230003,20100,-0.0029,3013.179932,2019
2019-07-31,66.330002,65.739998,21800,-0.0074,2980.379883,2019
2019-08-01,65.720001,65.110001,30500,-0.0096,2953.560059,2019
2019-08-02,64.879997,64.224998,26200,-0.0136,2932.050049,2019
2019-08-05,63.560001,62.610001,36500,-0.0251,2844.73999,2019
2019-08-06,62.77,63.279999,105500,0.0107,2881.77002,2019
2019-08-07,62.395,63.360001,26200,0.0013,2883.97998,2019
2019-08-08,63.75,64.589996,30400,0.0194,2938.090088,2019
2019-08-09,64.489998,64.239998,15700,-0.0054,2918.649902,2019
2019-08-12,63.689999,63.334999,25500,-0.0141,2882.699951,2019
2019-08-13,63.209999,64.252998,27000,0.0145,2926.320068,2019
2019-08-14,63.439999,62.583,46800,-0.026,2840.600098,2019
2019-08-15,62.490002,62.610001,25500,0.0004,2847.600098,2019
2019-08-16,63.07,63.450001,32800,0.0134,2888.679932,2019
2019-08-19,64.269997,64.315002,21800,0.0136,2923.649902,2019
2019-08-20,64.220001,63.759998,46800,-0.0086,2900.51001,2019
2019-08-21,64.334999,64.253998,18800,0.0077,2924.429932,2019
2019-08-22,64.477997,64.220001,52700,-0.0005,2922.949951,2019
2019-08-23,63.890999,62.610001,21500,-0.0251,2847.110107,2019
2019-08-26,63.144001,63.32,55700,0.0113,2878.379883,2019
2019-08-27,63.66,63.150002,47700,-0.0027,2869.159912,2019
2019-08-28,62.799999,63.52,44500,0.0059,2887.939941,2019
2019-08-29,63.950001,64.360001,37600,0.0132,2924.580078,2019
2019-08-30,64.82,64.309998,32400,-0.0008,2926.459961,2019
2019-09-03,64.019997,63.939999,2287200,-0.0058,2906.27002,2019
2019-09-04,64.599998,64.629997,30200,0.0108,2937.780029,2019
2019-09-05,65.360001,65.510002,26000,0.0136,2976.0,2019
2019-09-06,65.480003,65.589996,32900,0.0012,2978.709961,2019
2019-09-09,65.68,65.57,26200,-0.0003,2978.429932,2019
2019-09-10,65.25,65.480003,32600,-0.0014,2979.389893,2019
2019-09-11,65.75,65.900002,29200,0.0064,3000.929932,2019
2019-09-12,66.379997,66.339996,29900,0.0067,3009.570068,2019
2019-09-13,66.510002,66.230003,33200,-0.0017,3007.389893,2019
2019-09-16,66.080002,66.035004,24100,-0.0029,2997.959961,2019
2019-09-17,66.099998,66.167,2872000,0.002,3005.699951,2019
2019-09-18,66.230003,66.150002,28600,-0.0003,3006.72998,2019
2019-09-19,66.160004,66.160004,39000,0.0002,3006.790039,2019
2019-09-20,66.459999,65.949997,25500,-0.0032,2992.070068,2019
2019-09-23,65.849998,65.900002,36400,-0.0008,2991.780029,2019
2019-09-24,66.061996,65.172997,30700,-0.011,2966.600098,2019
2019-09-25,65.226997,65.636002,35500,0.0071,2984.870117,2019
2019-09-26,65.699997,65.519997,70800,-0.0018,2977.620117,2019
2019-09-27,65.779999,65.120003,31400,-0.0061,2961.790039,2019
2019-09-30,65.379997,65.370003,41300,0.0038,2976.73999,2019
2019-10-01,65.779999,64.720001,53500,-0.0099,2940.25,2019
2019-10-02,64.349998,63.448002,50000,-0.0197,2887.610107,2019
2019-10-03,63.400002,64.099998,43300,0.0103,2910.629883,2019
2019-10-04,64.339996,64.870003,44400,0.012,2952.01001,2019
2019-10-07,64.528,64.714996,53600,-0.0024,2938.790039,2019
2019-10-08,64.290001,63.59,42100,-0.0174,2893.060059,2019
2019-10-09,64.084,64.204002,55400,0.0097,2919.399902,2019
2019-10-10,64.279999,64.578003,65200,0.0058,2938.129883,2019
2019-10-11,65.497002,65.419998,109300,0.013,2970.27002,2019
2019-10-14,65.264999,65.300003,284500,-0.0018,2966.149902,2019
2019-10-15,65.660004,65.980003,49300,0.0104,2995.679932,2019
2019-10-16,65.759003,65.760002,79500,-0.0033,2989.689941,2019
2019-10-17,66.150002,65.970001,83400,0.0032,2997.949951,2019
2019-10-18,65.970001,65.669998,80400,-0.0045,2986.199951,2019
2019-10-21,66.160004,66.190002,63400,0.0079,3006.719971,2019
2019-10-22,66.309998,65.955002,43300,-0.0036,2995.98999,2019
2019-10-23,65.949997,66.110001,61000,0.0024,3004.52002,2019
2019-10-24,66.470001,66.300003,62700,0.0029,3010.290039,2019
2019-10-25,66.199997,66.639999,36400,0.0051,3022.550049,2019
2019-10-28,67.07,67.139999,45700,0.0075,3039.419922,2019
2019-10-29,67.089996,67.029999,79400,-0.0016,3036.889893,2019
2019-10-30,67.220001,67.209999,37500,0.0027,3046.77002,2019
2019-10-31,67.32,67.050003,103400,-0.0024,3037.560059,2019
2019-11-01,67.480003,67.580002,48500,0.0079,3066.909912,2019
2019-11-04,68.18,68.0,31800,0.0062,3078.27002,2019
2019-11-05,68.169998,67.849998,44700,-0.0022,3074.620117,2019
2019-11-06,67.849998,67.900002,49500,0.0007,3076.780029,2019
2019-11-07,68.370003,68.089996,29500,0.0028,3085.179932,2019
2019-11-08,67.980003,68.349998,47300,0.0038,3093.080078,2019
2019-11-11,68.150002,68.18,35500,-0.0025,3087.01001,2019
2019-11-12,68.349998,68.319,35200,0.002,3091.840088,2019
2019-11-13,68.260002,68.345001,56200,0.0004,3094.040039,2019
2019-11-14,68.379997,68.455002,56900,0.0016,3096.629883,2019
2019-11-15,69.139999,68.917,55400,0.0067,3120.459961,2019
2019-11-18,69.050003,69.029999,38500,0.0016,3122.030029,2019
2019-11-19,69.099998,69.135002,44200,0.0015,3120.179932,2019
2019-11-20,69.059998,68.791,59800,-0.005,3108.459961,2019
2019-11-21,69.019997,68.75,51200,-0.0006,3103.540039,2019
2019-11-22,68.906998,68.830002,85100,0.0012,3110.290039,2019
2019-11-25,69.210999,69.360001,92900,0.0077,3133.639893,2019
2019-11-26,69.559998,69.584999,46000,0.0032,3140.52002,2019
2019-11-27,69.849998,69.889999,256300,0.0044,3153.629883,2019
2019-11-29,70.080002,69.586998,84100,-0.0043,3140.97998,2019
2019-12-02,69.580002,68.93,57900,-0.0094,3113.870117,2019
2019-12-03,68.360001,68.510002,180000,-0.0061,3093.199951,2019
2019-12-04,68.730003,69.038002,30600,0.0077,3112.76001,2019
2019-12-05,69.300003,69.071999,31000,0.0005,3117.429932,2019
2019-12-06,69.43,69.739998,46100,0.0097,3145.909912,2019
2019-12-09,69.720001,69.480003,34400,-0.0037,3135.959961,2019
2019-12-10,69.669998,69.415001,472400,-0.0009,3132.52002,2019
2019-12-11,69.699997,69.599998,26100,0.0027,3141.629883,2019
2019-12-12,69.720001,70.230003,45000,0.0091,3168.570068,2019
2019-12-13,70.300003,70.239998,34600,0.0001,3168.800049,2019
2019-12-16,70.410004,70.434998,38100,0.0028,3191.449951,2019
2019-12-17,70.669998,70.400002,63200,-0.0005,3192.52002,2019
2019-12-18,70.410004,70.5,45500,0.0014,3191.139893,2019
2019-12-19,70.660004,70.722,37500,0.0031,3205.370117,2019
2019-12-20,71.089996,71.195999,40200,0.0067,3221.219971,2019
2019-12-23,71.449997,71.208,34100,0.0002,3224.01001,2019
2019-12-24,71.190002,71.210999,18000,0.0,3223.379883,2019
2019-12-26,71.220001,71.629997,36400,0.0059,3239.909912,2019
2019-12-27,71.639999,71.610001,69500,-0.0003,3240.02002,2019
2019-12-30,71.510002,71.144997,35400,-0.0065,3221.290039,2019
2019-12-31,71.160004,71.32,56700,0.0025,3230.780029,2019
2020-01-02,71.660004,71.969002,51500,0.0091,3257.850098,2020
2020-01-03,71.32,71.554001,43700,-0.0058,3234.850098,2020
2020-01-06,71.230003,71.775002,41400,0.0031,3246.280029,2020
2020-01-07,71.779999,71.589996,51000,-0.0026,3237.179932,2020
2020-01-08,71.529999,71.970001,52100,0.0053,3253.050049,2020
2020-01-09,72.369003,72.469002,76800,0.0069,3274.699951,2020
2020-01-10,72.730003,72.220001,97200,-0.0034,3265.350098,2020
2020-01-13,72.639999,72.876999,85500,0.0091,3288.129883,2020
2020-01-14,72.900002,72.800003,45300,-0.0011,3283.149902,2020
2020-01-16,73.339996,73.559998,2425500,0.0088,3316.810059,2020
2020-01-17,73.910004,73.800003,1660900,0.0033,3329.620117,2020
2020-01-21,73.730003,73.709999,2443800,-0.0012,3320.790039,2020
2020-01-22,73.989998,73.760002,2102300,0.0007,3321.75,2020
2020-01-23,73.690002,73.839996,863400,0.0011,3325.540039,2020
2020-01-24,74.150002,73.199997,508300,-0.0087,3295.469971,2020
2020-01-27,72.059998,72.110001,417000,-0.0149,3243.629883,2020
2020-01-28,72.559998,72.849998,587000,0.0103,3276.23999,2020
2020-01-29,73.279999,72.769997,886600,-0.0011,3273.399902,2020
2020-01-30,72.449997,73.110001,379100,0.0047,3283.659912,2020
2020-01-31,73.110001,71.779999,409600,-0.0182,3225.52002,2020
2020-02-03,72.190002,72.43,407600,0.0091,3248.919922,2020
2020-02-04,73.349998,73.589996,371100,0.016,3297.590088,2020
2020-02-05,74.389999,74.279999,309100,0.0094,3334.689941,2020
2020-02-06,74.610001,74.449997,253300,0.0023,3345.780029,2020
2020-02-07,74.370003,74.169998,318500,-0.0038,3327.709961,2020
2020-02-10,74.110001,74.669998,258600,0.0067,3352.090088,2020
2020-02-11,75.099998,74.849998,303200,0.0024,3357.75,2020
2020-02-12,75.339996,75.290001,269400,0.0059,3379.449951,2020
2020-02-13,75.089996,75.230003,330300,-0.0008,3373.939941,2020
2020-02-14,75.449997,75.379997,268300,0.002,3380.159912,2020
2020-02-18,75.32,75.209999,363000,-0.0023,3370.290039,2020
2020-02-19,75.5,75.580002,250600,0.0049,3386.149902,2020
2020-02-20,75.580002,75.290001,344400,-0.0038,3373.22998,2020
2020-02-21,75.080002,74.440002,220600,-0.0113,3337.75,2020
2020-02-24,72.309998,72.040001,454900,-0.0322,3225.889893,2020
2020-02-25,72.470001,69.879997,290900,-0.03,3128.209961,2020
2020-02-26,70.239998,69.589996,357300,-0.0041,3116.389893,2020
2020-02-27,68.230003,66.480003,442400,-0.0447,2978.76001,2020
2020-02-28,64.470001,66.050003,889100,-0.0065,2954.219971,2020
2020-03-02,66.709999,68.940002,499500,0.0438,3090.22998,2020
2020-03-03,69.239998,67.129997,728200,-0.0263,3003.370117,2020
2020-03-04,68.519997,69.940002,311900,0.0419,3130.120117,2020
2020-03-05,68.360001,67.730003,543400,-0.0316,3023.939941,2020
2020-03-06,65.639999,66.389999,444100,-0.0198,2972.370117,2020
2020-03-09,62.52,61.360001,438100,-0.0758,2746.560059,2020
2020-03-10,63.82,64.339996,380800,0.0486,2882.22998,2020
2020-03-11,62.68,61.259998,625900,-0.0479,2741.379883,2020
2020-03-12,56.919998,55.32,2263600,-0.097,2480.639893,2020
2020-03-13,58.709999,60.57,954500,0.0949,2711.02002,2020
2020-03-16,52.5,53.299999,503500,-0.12,2386.129883,2020
2020-03-17,54.41,56.799999,786400,0.0657,2529.189941,2020
2020-03-18,53.439999,53.880001,633600,-0.0514,2398.100098,2020
2020-03-19,53.470001,54.119999,868300,0.0045,2409.389893,2020
2020-03-20,54.689999,51.66,775100,-0.0455,2304.919922,2020
2020-03-23,51.639999,49.98,1300600,-0.0325,2237.399902,2020
2020-03-24,52.490002,54.825001,1552300,0.0969,2447.330078,2020
2020-03-25,55.110001,55.27,1943100,0.0081,2475.560059,2020
2020-03-26,55.849998,58.369999,1610400,0.0561,2630.070068,2020
2020-03-27,56.75,56.709999,1659000,-0.0284,2541.469971,2020
2020-03-30,57.369999,58.610001,469600,0.0335,2626.649902,2020
2020-03-31,58.529999,57.490002,416100,-0.0191,2584.590088,2020
2020-04-01,55.75,55.080002,389500,-0.0419,2470.5,2020
2020-04-02,55.060001,56.34,387700,0.0229,2526.899902,2020
2020-04-03,56.299999,55.544998,447900,-0.0141,2488.649902,2020
2020-04-06,57.639999,59.27,407300,0.0671,2663.679932,2020
2020-04-07,61.130001,59.369999,370000,0.0017,2659.409912,2020
2020-04-08,60.099998,61.27,269400,0.032,2749.97998,2020
2020-04-14,63.040001,63.650002,1969200,0.0318,2846.060059,2020
2020-04-15,62.299999,62.189999,1604000,-0.0229,2783.360107,2020
2020-04-16,62.529999,62.57,1399400,0.0061,2799.550049,2020
2020-04-17,64.110001,64.160004,881100,0.0254,2874.560059,2020
2020-04-20,63.349998,63.18,1204800,-0.0153,2823.159912,2020
2020-04-21,62.060001,61.080002,941100,-0.0332,2736.560059,2020
2020-04-22,62.490002,62.57,1139300,0.0244,2799.310059,2020
2020-04-23,62.919998,62.529999,615600,-0.0006,2797.800049,2020
2020-04-24,63.009998,63.43,1165000,0.0144,2836.73999,2020
2020-04-27,63.900002,64.379997,1051500,0.015,2878.47998,2020
2020-04-28,65.379997,64.029999,697800,-0.0054,2863.389893,2020
2020-04-29,65.489998,65.839996,637800,0.0283,2939.51001,2020
2020-05-01,64.059998,63.43,730400,-0.0261,2830.709961,2020
2020-05-04,62.990002,63.689999,1361400,0.0041,2842.73999,2020
2020-05-05,64.389999,64.230003,583900,0.0085,2868.439941,2020
2020-05-06,64.699997,63.889999,626700,-0.0053,2848.419922,2020
2020-05-07,64.779999,64.730003,881400,0.0131,2881.189941,2020
2020-05-08,65.410004,65.830002,523900,0.017,2929.800049,2020
2020-05-11,65.410004,65.93,799400,0.0015,2930.189941,2020
2020-05-12,66.169998,64.57,584800,-0.0206,2870.120117,2020
2020-05-13,64.510002,63.419998,635200,-0.0178,2820.0,2020
2020-05-14,62.91,64.230003,573300,0.0128,2852.5,2020
2020-05-15,63.709999,64.550003,541500,0.005,2863.699951,2020
2020-05-18,66.059998,66.459999,435400,0.0296,2953.909912,2020
2020-05-19,66.32,65.709999,516600,-0.0113,2922.939941,2020
2020-05-20,66.669998,66.860001,563500,0.0175,2971.610107,2020
2020-05-21,66.830002,66.360001,386300,-0.0075,2948.51001,2020
2020-05-22,66.400002,66.540001,469700,0.0027,2955.449951,2020
2020-05-26,68.089996,67.389999,388900,0.0128,2991.77002,2020
2020-05-27,68.040001,68.389999,440700,0.0148,3036.129883,2020
2020-05-28,68.730003,68.279999,702600,-0.0016,3029.72998,2020
2020-05-29,68.120003,68.489998,448700,0.0031,3044.310059,2020
2020-06-01,68.529999,68.919998,518800,0.0063,3055.72998,2020
2020-06-02,69.199997,69.470001,394600,0.008,3080.820068,2020
2020-06-03,69.989998,70.389999,394600,0.0132,3122.870117,2020
2020-06-05,71.260002,71.769997,1535600,0.0237,3193.929932,2020
2020-06-08,71.940002,72.669998,1706500,0.0125,3232.389893,2020
2020-06-09,71.980003,72.239998,2722600,-0.0059,3207.179932,2020
2020-06-10,72.449997,71.800003,858400,-0.0061,3190.139893,2020
2020-06-11,70.080002,67.75,720800,-0.0564,3002.100098,2020
2020-06-12,69.330002,68.580002,888200,0.0123,3041.310059,2020
2020-06-15,66.980003,69.040001,601100,0.0067,3066.590088,2020
2020-06-16,71.050003,70.25,712300,0.0175,3124.73999,2020
2020-06-17,70.650002,70.059998,591100,-0.0027,3113.48999,2020
2020-06-18,69.830002,70.150002,416300,0.0013,3115.340088,2020
2020-06-19,71.029999,69.769997,400800,-0.0054,3097.73999,2020
2020-06-22,69.800003,70.260002,410000,0.007,3117.860107,2020
2020-06-23,70.970001,70.550003,366500,0.0041,3131.290039,2020
2020-06-24,70.099998,68.769997,516700,-0.0252,3050.330078,2020
2020-06-25,68.730003,69.559998,442800,0.0115,3083.76001,2020
2020-06-26,69.370003,67.959999,535100,-0.023,3009.050049,2020
2020-06-29,68.309998,68.839996,374400,0.0129,3053.23999,2020
2020-06-30,68.779999,69.989998,401200,0.0167,3100.290039,2020
2020-07-01,70.110001,70.410004,655400,0.006,3115.860107,2020
2020-07-02,71.199997,70.75,465700,0.0048,3130.01001,2020
2020-07-06,71.800003,71.959999,450600,0.0171,3179.719971,2020
2020-07-07,71.68,71.220001,392400,-0.0103,3145.320068,2020
2020-07-08,71.43,71.800003,1491700,0.0081,3169.939941,2020
2020-07-09,72.040001,71.459999,586900,-0.0047,3152.050049,2020
2020-07-10,71.339996,72.18,381700,0.0101,3185.040039,2020
2020-07-13,72.779999,71.400002,367300,-0.0108,3155.219971,2020
2020-07-14,71.040001,72.383003,511400,0.0138,3197.52002,2020
2020-07-15,73.239998,73.080002,387700,0.0096,3226.560059,2020
2020-07-16,72.639999,72.82,1514300,-0.0036,3215.570068,2020
2020-07-17,72.970001,73.029999,414000,0.0029,3224.72998,2020
2020-07-20,73.029999,73.720001,444200,0.0094,3251.840088,2020
2020-07-21,74.269997,73.75,483000,0.0004,3257.300049,2020
2020-07-22,73.75,74.220001,389900,0.0064,3276.02002,2020
2020-07-23,74.209999,73.290001,482700,-0.0125,3235.659912,2020
2020-07-24,72.75,72.760002,266300,-0.0072,3215.629883,2020
2020-07-27,72.989998,73.32,377000,0.0077,3239.409912,2020
2020-07-28,73.129997,72.82,467200,-0.0068,3218.439941,2020
2020-07-29,73.080002,73.809998,321100,0.0136,3258.439941,2020
2020-07-30,73.129997,73.540001,1631200,-0.0037,3246.219971,2020
2020-07-31,74.080002,74.139999,482300,0.0082,3271.120117,2020
2020-08-03,74.599998,74.709999,323800,0.0077,3294.610107,2020
2020-08-04,74.559998,74.989998,319000,0.0037,3306.51001,2020
2020-08-05,75.290001,75.449997,329500,0.0061,3327.77002,2020
2020-08-06,75.370003,75.93,267800,0.0064,3349.159912,2020
2020-08-07,75.589996,75.949997,416500,0.0003,3351.280029,2020
2020-08-10,76.110001,76.050003,373200,0.0013,3360.469971,2020
2020-08-11,76.339996,75.400002,346300,-0.0085,3333.689941,2020
2020-08-12,76.099998,76.559998,332700,0.0154,3380.350098,2020
2020-08-13,76.510002,76.519997,759500,-0.0005,3373.429932,2020
2020-08-14,76.489998,76.510002,298000,-0.0001,3372.850098,2020
2020-08-17,76.809998,76.800003,338000,0.0038,3381.98999,2020
2020-08-18,76.970001,77.028999,423600,0.003,3389.780029,2020
2020-08-19,77.129997,76.720001,361800,-0.004,3374.850098,2020
2020-08-20,76.349998,77.029999,496200,0.004,3385.51001,2020
2020-08-21,77.029999,77.32,280900,0.0038,3397.159912,2020
2020-08-24,77.940002,77.970001,349800,0.0084,3431.280029,2020
2020-08-25,78.139999,78.309998,280500,0.0044,3443.620117,2020
2020-08-26,78.470001,79.199997,449600,0.0114,3478.72998,2020
2020-08-27,79.379997,79.330002,409500,0.0016,3484.550049,2020
2020-08-28,79.629997,79.82,1556700,0.0062,3508.01001,2020
2020-08-31,79.844002,79.68,499300,-0.0018,3500.310059,2020
2020-09-01,79.93,80.43,390100,0.0094,3526.649902,2020
2020-09-02,80.93,81.559998,429800,0.014,3580.840088,2020
2020-09-03,80.949997,78.510002,431500,-0.0374,3455.060059,2020
2020-09-04,78.68,77.800003,428900,-0.009,3426.959961,2020
2020-09-08,76.220001,75.550003,921400,-0.0289,3331.840088,2020
2020-09-09,76.470001,77.080002,367600,0.0203,3398.959961,2020
2020-09-10,77.669998,75.800003,372800,-0.0166,3339.189941,2020
2020-09-11,76.199997,75.82,460300,0.0003,3340.969971,2020
2020-09-14,76.580002,76.849998,400100,0.0136,3383.540039,2020
2020-09-15,77.550003,77.32,426200,0.0061,3401.199951,2020
2020-09-16,77.650002,76.980003,373800,-0.0044,3385.48999,2020
2020-09-17,75.709999,76.309998,534800,-0.0087,3357.01001,2020
2020-09-18,76.580002,75.529999,325800,-0.0102,3319.469971,2020
2020-09-21,74.300003,74.809998,364700,-0.0095,3281.060059,2020
2020-09-22,75.07,75.489998,480300,0.0091,3315.570068,2020
2020-09-23,75.360001,73.379997,731400,-0.028,3236.919922,2020
2020-09-24,72.940002,73.480003,728600,0.0014,3246.590088,2020
2020-09-25,73.449997,74.870003,355800,0.0189,3298.459961,2020
2020-09-28,75.889999,76.080002,254300,0.0162,3351.600098,2020
2020-09-29,76.110001,75.669998,345300,-0.0054,3335.469971,2020
2020-09-30,75.860001,76.209999,565900,0.0071,3363.0,2020
2020-10-01,76.82,76.699997,442600,0.0064,3380.800049,2020
2020-10-02,75.379997,76.050003,417300,-0.0085,3348.419922,2020
2020-10-05,76.589996,77.370003,276500,0.0174,3408.600098,2020
2020-10-06,77.419998,76.370003,812300,-0.0129,3360.969971,2020
2020-10-08,78.220001,78.379997,2502000,0.0085,3446.830078,2020
2020-10-09,78.870003,79.110001,2384700,0.0093,3477.139893,2020
2020-10-12,79.82,80.32,587300,0.0153,3534.219971,2020
2020-10-13,80.459999,79.900002,864500,-0.0052,3511.929932,2020
2020-10-14,80.150002,79.459999,800700,-0.0055,3488.669922,2020
2020-10-15,78.519997,79.389999,979800,-0.0009,3483.340088,2020
2020-10-16,79.779999,79.32,945500,-0.0009,3483.810059,2020
2020-10-19,79.660004,78.129997,595900,-0.015,3426.919922,2020
2020-10-20,78.440002,78.389999,779500,0.0033,3443.120117,2020
2020-10-21,78.440002,78.209999,621900,-0.0023,3435.560059,2020
2020-10-22,78.300003,78.660004,562100,0.0058,3453.48999,2020
2020-10-23,78.849998,78.830002,608300,0.0022,3465.389893,2020
2020-10-26,78.160004,77.389999,634400,-0.0183,3400.969971,2020
2020-10-27,77.57,77.239998,514200,-0.0019,3390.679932,2020
2020-10-28,75.870003,74.580002,630700,-0.0344,3271.030029,2020
2020-10-29,74.774002,75.32,601800,0.0099,3310.110107,2020
2020-10-30,75.019997,74.43,661700,-0.0118,3269.959961,2020
2020-11-02,75.220001,75.269997,662000,0.0113,3310.23999,2020
2020-11-03,76.110001,76.639999,667200,0.0182,3369.159912,2020
2020-11-04,77.790001,78.32,504500,0.0219,3443.439941,2020
2020-11-05,79.739998,79.970001,1129500,0.0211,3510.449951,2020
2020-11-06,80.050003,80.059998,615800,0.0011,3509.439941,2020
2020-11-09,83.139999,80.879997,715100,0.0102,3550.5,2020
2020-11-10,80.760002,80.68,664300,-0.0025,3545.530029,2020
2020-11-11,81.230003,81.32,647900,0.0079,3572.659912,2020
2020-11-12,81.099998,80.580002,581300,-0.0091,3537.01001,2020
2020-11-13,81.089996,81.639999,492500,0.0132,3585.149902,2020
2020-11-16,82.400002,82.620003,648200,0.012,3626.909912,2020
2020-11-17,82.25,82.309998,818200,-0.0038,3609.530029,2020
2020-11-18,82.260002,81.459999,653400,-0.0103,3567.790039,2020
2020-11-19,81.370003,81.900002,774100,0.0054,3581.870117,2020
2020-11-20,81.900002,81.379997,583500,-0.0063,3557.540039,2020
2020-11-23,82.019997,81.940002,459300,0.0069,3577.590088,2020
2020-11-24,82.57,83.220001,631800,0.0156,3635.409912,2020
2020-11-25,83.269997,83.209999,574900,-0.0001,3629.649902,2020
2020-11-27,83.540001,83.57,311600,0.0043,3638.350098,2020
2020-11-30,83.449997,83.160004,464700,-0.0049,3621.629883,2020
2020-12-01,84.059998,83.980003,525900,0.0099,3662.449951,2020
2020-12-02,83.709999,84.089996,590400,0.0013,3669.01001,2020
2020-12-03,84.18,84.07,500700,-0.0002,3666.719971,2020
2020-12-04,84.260002,84.860001,476900,0.0094,3699.120117,2020
2020-12-07,84.709999,84.779999,547500,-0.0009,3691.959961,2020
2020-12-08,84.440002,85.080002,479800,0.0035,3702.25,2020
2020-12-09,85.279999,84.190002,602700,-0.0105,3672.820068,2020
2020-12-10,83.809998,84.239998,810100,0.0006,3668.100098,2020
2020-12-11,84.0,84.110001,751900,-0.0015,3663.459961,2020
2020-12-14,84.449997,83.57,672700,-0.0064,3647.48999,2020
2020-12-15,84.190002,84.650002,614500,0.0129,3694.620117,2020
2020-12-16,84.769997,84.739998,826700,0.0011,3701.169922,2020
2020-12-17,85.269997,85.410004,568400,0.0079,3722.47998,2020
2020-12-18,85.610001,85.160004,486800,-0.0029,3709.409912,2020
2020-12-21,84.309998,84.879997,854800,-0.0033,3694.919922,2020
2020-12-22,84.910004,84.839996,661400,-0.0005,3687.26001,2020
2020-12-23,84.849998,84.839996,631300,0.0,3690.01001,2020
2020-12-24,85.0,85.169998,352200,0.0039,3703.060059,2020
2020-12-28,85.809998,85.709999,530400,0.0063,3735.360107,2020
2020-12-29,86.040001,85.519997,645300,-0.0022,3727.040039,2020
2020-12-30,85.769997,85.650002,612700,0.0015,3732.040039,2020
2020-12-31,85.68,86.029999,528600,0.0044,3756.070068,2020
2021-01-04,86.419998,84.889999,878200,-0.0133,3700.649902,2021
2021-01-05,84.809998,85.489998,863600,0.0071,3726.860107,2021
2021-01-06,85.089996,85.940002,669800,0.0053,3748.139893,2021
2021-01-07,86.559998,87.300003,556400,0.0158,3803.790039,2021
2021-01-08,87.760002,87.860001,606500,0.0064,3824.679932,2021
2021-01-11,87.190002,87.300003,550900,-0.0064,3799.610107,2021
2021-01-12,87.389999,87.400002,653300,0.0011,3801.189941,2021
2021-01-13,87.489998,87.620003,1165300,0.0025,3809.840088,2021
2021-01-15,87.110001,86.650002,2184900,-0.0079,3768.25,2021
2021-01-19,87.190002,87.389999,2508200,0.0085,3798.909912,2021
2021-01-20,87.900002,88.620003,1319100,0.0141,3851.850098,2021
2021-01-21,88.839996,88.699997,1153800,0.0009,3853.070068,2021
2021-01-22,88.349998,88.440002,835200,-0.0029,3841.469971,2021
2021-01-25,88.730003,88.760002,1014400,0.0036,3855.360107,2021
2021-01-26,88.910004,88.610001,782800,-0.0017,3849.620117,2021
2021-01-27,87.769997,86.370003,831000,-0.0253,3750.77002,2021
2021-01-28,86.830002,87.209999,704300,0.0097,3787.379883,2021
2021-01-29,86.834999,85.57,836300,-0.0188,3714.23999,2021
2021-02-01,86.489998,86.940002,1073300,0.016,3773.860107,2021
2021-02-02,87.82,88.220001,713000,0.0147,3826.310059,2021
2021-02-03,88.489998,88.300003,1351000,0.0009,3830.169922,2021
2021-02-04,88.650002,89.32,1412000,0.0116,3871.73999,2021
2021-02-05,89.660004,89.720001,1008400,0.0045,3886.830078,2021
2021-02-08,90.208,90.379997,1354100,0.0074,3915.590088,2021
2021-02-09,90.220001,90.300003,1325400,-0.0009,3911.22998,2021
2021-02-10,90.780998,90.349998,797400,0.0006,3909.879883,2021
2021-02-11,90.580002,90.529999,793000,0.002,3916.379883,2021
2021-02-12,90.309998,90.970001,605700,0.0049,3934.830078,2021
2021-02-16,91.330002,90.870003,1283000,-0.0011,3932.590088,2021
2021-02-17,90.355003,90.760002,745800,-0.0012,3931.330078,2021
2021-02-18,90.163002,90.389999,815000,-0.0041,3913.969971,2021
2021-02-19,90.769997,90.209999,546000,-0.002,3906.709961,2021
2021-02-22,89.559998,89.43,588600,-0.0086,3876.5,2021
2021-02-23,88.709999,89.470001,654700,0.0004,3881.370117,2021
2021-02-24,89.139999,90.339996,627900,0.0097,3925.429932,2021
2021-02-25,90.07,88.099998,749200,-0.0248,3829.340088,2021
2021-02-26,88.449997,87.730003,942700,-0.0042,3811.149902,2021
2021-03-01,88.958,89.900002,955100,0.0247,3901.820068,2021
2021-03-02,90.07,89.089996,827900,-0.009,3870.290039,2021
2021-03-03,88.940002,87.730003,692100,-0.0153,3819.719971,2021
2021-03-04,87.610001,86.440002,1003900,-0.0147,3768.469971,2021
2021-03-05,87.339996,88.089996,830100,0.0191,3841.939941,2021
2021-03-08,88.150002,87.519997,1021200,-0.0065,3821.350098,2021
2021-03-09,88.449997,88.919998,1380700,0.016,3875.439941,2021
2021-03-10,89.57,89.410004,686500,0.0055,3898.810059,2021
2021-03-11,90.040001,90.419998,712600,0.0113,3939.340088,2021
2021-03-12,90.080002,90.559998,1367400,0.0015,3943.340088,2021
2021-03-15,90.599998,91.199997,809700,0.0071,3968.939941,2021
2021-03-16,91.239998,90.980003,821400,-0.0024,3962.709961,2021
2021-03-17,90.519997,91.260002,600000,0.0031,3974.120117,2021
2021-03-18,90.529999,89.800003,709500,-0.016,3915.459961,2021
2021-03-19,89.610001,89.730003,648200,-0.0008,3913.100098,2021
2021-03-22,89.769997,90.480003,614700,0.0084,3940.590088,2021
2021-03-23,90.25,89.790001,1681300,-0.0076,3910.52002,2021
2021-03-24,90.099998,89.120003,961100,-0.0075,3889.139893,2021
2021-03-25,88.440002,89.339996,836300,0.0025,3909.52002,2021
2021-03-26,89.75,90.800003,840600,0.0163,3974.540039,2021
2021-03-29,90.459999,90.599998,1791600,-0.0022,3971.090088,2021
2021-03-30,90.339996,90.449997,923300,-0.0017,3958.550049,2021
2021-03-31,90.614998,90.870003,880400,0.0046,3972.889893,2021
2021-04-01,91.330002,91.949997,1935600,0.0119,4019.870117,2021
2021-04-05,92.769997,93.169998,1351600,0.0133,4077.909912,2021
2021-04-06,93.07,93.18,894300,0.0001,4073.939941,2021
2021-04-07,93.059998,93.260002,785000,0.0009,4079.949951,2021
2021-04-08,93.589996,93.769997,909200,0.0055,4097.169922,2021
2021-04-09,93.800003,94.449997,945500,0.0073,4128.799805,2021
2021-04-12,94.290001,94.480003,890800,0.0003,4127.990234,2021
2021-04-13,94.589996,94.860001,847200,0.004,4141.589844,2021
2021-04-14,94.900002,94.470001,1004900,-0.0041,4124.660156,2021
2021-04-15,94.959999,95.529999,1842000,0.0112,4170.419922,2021
2021-04-16,95.769997,95.779999,694100,0.0026,4185.470215,2021
2021-04-19,95.599998,95.230003,1099000,-0.0057,4163.259766,2021
2021-04-20,95.050003,94.629997,1939100,-0.0063,4134.939941,2021
2021-04-21,94.339996,95.529999,1290300,0.0095,4173.419922,2021
2021-04-22,95.57,94.68,1484900,-0.0089,4134.97998,2021
2021-04-23,94.839996,95.739998,1031600,0.0112,4180.169922,2021
2021-04-26,95.830002,95.959999,660100,0.0023,4187.620117,2021
2021-04-27,96.0,95.830002,946400,-0.0014,4186.720215,2021
2021-04-28,95.790001,95.790001,1434900,-0.0004,4183.180176,2021
2021-04-29,96.449997,96.269997,1279200,0.005,4211.470215,2021
2021-04-30,95.769997,95.510002,1015400,-0.0079,4181.169922,2021
2021-05-03,96.059998,95.75,769400,0.0025,4192.660156,2021
2021-05-04,95.18,95.120003,1403700,-0.0066,4164.660156,2021
2021-05-05,95.476997,95.080002,782300,-0.0004,4167.589844,2021
2021-05-06,95.080002,95.769997,1003700,0.0073,4201.620117,2021
2021-05-07,96.059998,96.480003,1145900,0.0074,4232.600098,2021
2021-05-10,96.470001,95.440002,753200,-0.0108,4188.430176,2021
2021-05-11,94.18,94.730003,1144900,-0.0074,4152.100098,2021
2021-05-12,94.080002,92.610001,897100,-0.0224,4063.040039,2021
2021-05-13,92.940002,93.599998,1094000,0.0107,4112.5,2021
2021-05-14,94.269997,95.139999,707900,0.0165,4173.850098,2021
2021-05-17,94.889999,94.879997,839100,-0.0027,4163.290039,2021
2021-05-18,94.910004,94.07,820500,-0.0085,4127.830078,2021
2021-05-19,92.800003,93.760002,557600,-0.0033,4115.680176,2021
2021-05-20,94.019997,94.949997,890100,0.0127,4159.120117,2021
2021-05-21,95.300003,94.889999,746100,-0.0006,4155.859863,2021
2021-05-24,95.290001,95.879997,653000,0.0104,4197.049805,2021
2021-05-25,96.169998,95.690002,714400,-0.002,4188.129883,2021
2021-05-26,95.800003,95.93,3009800,0.0025,4195.990234,2021
2021-05-27,96.150002,95.949997,998500,0.0002,4200.879883,2021
2021-05-28,96.25,96.18,758100,0.0024,4204.109863,2021
2021-06-01,96.68,96.029999,1137100,-0.0016,4202.040039,2021
2021-06-02,96.190002,96.279999,996000,0.0026,4208.120117,2021
2021-06-03,95.93,95.839996,758700,-0.0046,4192.850098,2021
2021-06-04,96.220001,96.730003,1499500,0.0093,4229.890137,2021
2021-06-07,96.800003,96.75,541800,0.0002,4226.52002,2021
2021-06-08,96.985001,96.809998,534300,0.0006,4227.259766,2021
2021-06-09,97.029999,96.629997,598200,-0.0019,4219.549805,2021
2021-06-10,96.669998,96.910004,585800,0.0029,4239.180176,2021
2021-06-11,96.93,97.129997,549600,0.0023,4247.439941,2021
2021-06-14,97.220001,97.379997,1120900,0.0026,4255.149902,2021
2021-06-15,97.410004,97.120003,717700,-0.0027,4246.589844,2021
2021-06-16,97.160004,96.610001,709400,-0.0053,4223.700195,2021
2021-06-17,96.629997,96.639999,644100,0.0003,4221.859863,2021
2021-06-18,95.989998,95.330002,717500,-0.0136,4166.450195,2021
2021-06-21,95.620003,96.629997,1245100,0.0136,4224.790039,2021
2021-06-22,96.739998,97.150002,575400,0.0054,4246.439941,2021
2021-06-23,97.199997,97.150002,538600,0.0,4241.839844,2021
2021-06-24,97.739998,97.709999,1229500,0.0058,4266.490234,2021
2021-06-25,98.0,98.029999,584300,0.0033,4280.700195,2021
2021-06-28,98.43,98.330002,572600,0.0031,4290.609863,2021
2021-06-29,98.436996,98.43,1062100,0.001,4291.799805,2021
2021-06-30,98.339996,98.470001,938500,0.0004,4297.5,2021
2021-07-01,98.580002,98.959999,1784100,0.005,4319.939941,2021
2021-07-02,99.129997,99.68,627600,0.0073,4352.339844,2021
2021-07-06,99.849998,99.489998,736400,-0.0019,4343.540039,2021
2021-07-07,99.790001,99.879997,657100,0.0039,4358.129883,2021
2021-07-08,98.449997,99.050003,746600,-0.0083,4320.819824,2021
2021-07-09,99.269997,100.07,475500,0.0103,4369.549805,2021
2021-07-12,100.269997,100.400002,2612400,0.0033,4384.629883,2021
2021-07-13,100.150002,100.059998,603900,-0.0034,4369.209961,2021
2021-07-14,100.339996,100.129997,2245800,0.0007,4374.299805,2021
2021-07-15,100.080002,99.82,606800,-0.0031,4360.029785,2021
2021-07-16,99.989998,99.110001,580900,-0.0071,4327.160156,2021
2021-07-19,97.910004,97.629997,862500,-0.0149,4258.490234,2021
2021-07-20,98.0,99.120003,1421300,0.0153,4323.060059,2021
2021-07-21,99.309998,99.889999,933100,0.0078,4358.689941,2021
2021-07-22,99.910004,100.120003,459300,0.0023,4367.47998,2021
2021-07-26,101.209999,101.449997,2517700,0.002,4422.299805,2021
2021-07-27,101.07,100.900002,1055500,-0.0054,4401.459961,2021
2021-07-28,100.93,100.860001,1343700,-0.0004,4400.640137,2021
2021-07-29,100.839996,101.269997,749100,0.0041,4419.149902,2021
2021-07-30,100.610001,100.660004,1429100,-0.006,4395.259766,2021
2021-08-02,101.190002,100.529999,724500,-0.0013,4387.160156,2021
2021-08-03,100.817001,101.290001,897500,0.0076,4423.149902,2021
2021-08-04,100.949997,100.900002,1359400,-0.0039,4402.660156,2021
2021-08-05,101.360001,101.529999,668600,0.0062,4429.100098,2021
2021-08-06,101.693001,101.610001,541900,0.0008,4436.52002,2021
2021-08-09,101.610001,101.57,783100,-0.0004,4432.350098,2021
2021-08-10,101.75,101.57,990300,0.0,4436.75,2021
2021-08-11,101.769997,101.809998,722400,0.0024,4442.410156,2021
2021-08-12,101.730003,102.089996,835400,0.0028,4460.830078,2021
2021-08-13,102.269997,102.279999,745400,0.0019,4468.0,2021
2021-08-16,101.889999,102.5,1358300,0.0022,4479.709961,2021
2021-08-17,102.050003,101.800003,1915300,-0.0068,4448.080078,2021
2021-08-18,101.489998,100.669998,793300,-0.0111,4400.27002,2021
2021-08-19,100.0,100.830002,857300,0.0016,4405.799805,2021
2021-08-20,100.809998,101.690002,604500,0.0085,4441.669922,2021
2021-08-23,102.290001,102.629997,859100,0.0092,4479.529785,2021
2021-08-25,102.830002,103.099998,1209700,0.0026,4496.189941,2021
2021-08-26,102.940002,102.480003,940100,-0.006,4470.0,2021
2021-08-27,102.75,103.379997,1763400,0.0088,4509.370117,2021
2021-08-30,103.790001,103.860001,628000,0.0046,4528.790039,2021
2021-08-31,104.0,103.720001,861700,-0.0013,4522.680176,2021
2021-09-01,103.839996,103.779999,826500,0.0006,4524.089844,2021
2021-09-02,104.129997,104.120003,700600,0.0033,4536.950195,2021
2021-09-03,103.889999,104.120003,599400,0.0,4535.430176,2021
2021-09-07,104.093002,103.709999,686300,-0.0039,4520.029785,2021
2021-09-08,103.550003,103.519997,737800,-0.0018,4514.069824,2021
2021-09-09,103.459999,103.150002,937100,-0.0036,4493.279785,2021
2021-09-10,103.580002,102.32,881800,-0.008,4458.580078,2021
2021-09-13,102.949997,102.480003,1204600,0.0016,4468.72998,2021
2021-09-14,102.879997,102.0,1378200,-0.0047,4443.049805,2021
2021-09-15,102.182999,102.870003,719000,0.0085,4480.700195,2021
2021-09-16,102.68,102.709999,780800,-0.0016,4473.75,2021
2021-09-17,102.5,101.760002,787800,-0.0092,4432.990234,2021
2021-09-20,100.129997,99.989998,973900,-0.0174,4357.72998,2021
2021-09-21,100.519997,99.93,1059200,-0.0006,4354.189941,2021
2021-09-22,100.480003,100.949997,833400,0.0102,4395.640137,2021
2021-09-23,101.370003,102.150002,648900,0.0119,4448.97998,2021
2021-09-24,101.489998,101.949997,687400,-0.002,4455.47998,2021
2021-09-27,101.660004,101.650002,675000,-0.0029,4443.109863,2021
2021-09-28,100.82,99.470001,1008800,-0.0214,4352.629883,2021
2021-09-29,99.800003,99.510002,1103000,0.0004,4359.459961,2021
2021-09-30,99.919998,98.459999,850200,-0.0106,4307.540039,2021
2021-10-01,98.75,99.550003,725700,0.0111,4357.040039,2021
2021-10-04,99.18,98.209999,936400,-0.0135,4300.459961,2021
2021-10-05,98.639999,99.239998,573700,0.0105,4345.720215,2021
2021-10-06,98.449997,99.699997,714200,0.0046,4363.549805,2021
2021-10-07,100.400002,100.540001,754400,0.0084,4399.759766,2021
2021-10-08,100.730003,100.309998,523000,-0.0023,4391.339844,2021
2021-10-11,100.253998,99.669998,431700,-0.0064,4361.189941,2021
2021-10-12,99.800003,99.510002,599700,-0.0016,4350.649902,2021
2021-10-13,99.800003,99.989998,666700,0.0048,4363.799805,2021
2021-10-14,100.800003,101.760002,622400,0.0177,4438.259766,2021
2021-10-15,102.160004,102.419998,876100,0.0065,4471.370117,2021
2021-10-18,102.0,102.82,739500,0.0039,4486.459961,2021
2021-10-19,103.160004,103.559998,871700,0.0072,4519.629883,2021
2021-10-20,103.674004,103.919998,850100,0.0035,4536.189941,2021
2021-10-21,103.75,104.169998,2262800,0.0024,4549.779785,2021
2021-10-22,104.050003,104.010002,1413900,-0.0015,4544.899902,2021
2021-10-25,104.220001,104.510002,745000,0.0048,4566.47998,2021
2021-10-26,104.900002,104.650002,1961700,0.0013,4574.790039,2021
2021-10-27,104.790001,104.169998,982000,-0.0046,4551.680176,2021
2021-10-28,104.370003,105.169998,817900,0.0096,4596.419922,2021
2021-10-29,104.510002,105.400002,640100,0.0022,4605.379883,2021
2021-11-01,105.660004,105.629997,1285900,0.0022,4613.669922,2021
2021-11-02,105.650002,105.940002,812400,0.0029,4630.649902,2021
2021-11-03,105.839996,106.629997,737300,0.0065,4660.569824,2021
2021-11-04,106.769997,107.110001,965700,0.0045,4680.060059,2021
2021-11-05,107.650002,107.339996,735300,0.0021,4697.529785,2021
2021-11-08,107.5,107.470001,705600,0.0012,4701.700195,2021
2021-11-09,107.610001,107.160004,914100,-0.0029,4685.25,2021
2021-11-10,106.699997,106.230003,837000,-0.0087,4646.709961,2021
2021-11-11,106.639999,106.169998,704800,-0.0006,4649.27002,2021
2021-11-12,106.5,107.080002,608800,0.0086,4682.850098,2021
2021-11-15,107.389999,107.059998,801400,-0.0002,4682.799805,2021
2021-11-16,107.07,107.580002,915900,0.0049,4700.899902,2021
2021-11-17,107.580002,107.220001,1211200,-0.0033,4688.669922,2021
2021-11-18,107.459999,107.550003,1007900,0.0031,4704.540039,2021
2021-11-19,107.510002,107.360001,1253600,-0.0018,4697.959961,2021
2021-11-22,107.760002,106.839996,1202400,-0.0048,4682.939941,2021
2021-11-23,106.75,106.889999,848300,0.0005,4690.700195,2021
2021-11-24,106.518997,107.199997,903800,0.0029,4701.459961,2021
2021-11-26,105.589996,104.769997,644100,-0.0227,4594.620117,2021
2021-11-29,106.0,106.129997,920400,0.013,4655.27002,2021
2021-11-30,105.57,104.089996,2373600,-0.0192,4567.0,2021
2021-12-01,105.239998,102.699997,2060200,-0.0134,4513.040039,2021
2021-12-02,102.699997,104.339996,1090000,0.016,4577.100098,2021
2021-12-03,104.760002,103.260002,950000,-0.0104,4538.430176,2021
2021-12-06,103.769997,104.440002,707600,0.0114,4591.669922,2021
2021-12-07,105.839996,106.730003,808200,0.0219,4686.75,2021
2021-12-08,106.830002,107.129997,608500,0.0037,4701.209961,2021
2021-12-09,106.779999,106.239998,726500,-0.0083,4667.450195,2021
2021-12-10,106.919998,107.029999,588000,0.0074,4712.02002,2021
2021-12-13,106.669998,105.800003,692400,-0.0115,4668.970215,2021
2021-12-14,104.879997,104.910004,1028600,-0.0084,4634.089844,2021
2021-12-15,104.860001,106.639999,938500,0.0165,4709.850098,2021
2021-12-16,107.0,105.580002,1289000,-0.0099,4668.669922,2021
2021-12-17,104.949997,104.610001,1382600,-0.0092,4620.640137,2021
2021-12-20,103.489998,103.440002,1852000,-0.0112,4568.02002,2021
2021-12-21,104.290001,105.290001,873800,0.0179,4649.22998,2021
2021-12-22,105.290001,106.309998,863200,0.0097,4696.560059,2021
2021-12-23,106.400002,106.970001,792900,0.0062,4725.790039,2021
2021-12-27,107.309998,108.459999,1037600,0.0139,4791.189941,2021
2021-12-28,108.559998,108.330002,788200,-0.0012,4786.350098,2021
2021-12-29,108.330002,108.419998,655000,0.0008,4793.060059,2021
2021-12-30,108.449997,108.230003,570000,-0.0018,4778.72998,2021
2021-12-31,108.07,107.900002,572900,-0.003,4766.180176,2021
2022-01-03,108.199997,108.440002,922500,0.005,4796.560059,2022
2022-01-04,108.779999,108.25,909300,-0.0018,4793.540039,2022
2022-01-06,105.68,105.900002,1867800,-0.0007,4696.049805,2022
2022-01-07,105.927002,105.419998,738700,-0.0045,4677.029785,2022
2022-01-10,104.5,105.330002,1092400,-0.0009,4670.290039,2022
2022-01-11,105.290001,106.32,799400,0.0094,4713.069824,2022
2022-01-12,106.755997,106.57,743000,0.0024,4726.350098,2022
2022-01-13,106.769997,104.93,1088400,-0.0154,4659.029785,2022
2022-01-14,104.059998,104.839996,961000,-0.0009,4662.850098,2022
2022-01-19,103.300003,101.830002,2578100,-0.0109,4532.759766,2022
2022-01-20,102.370003,100.800003,1370600,-0.0101,4482.72998,2022
2022-01-21,100.379997,98.769997,2114900,-0.0201,4397.939941,2022
2022-01-25,97.637001,97.910004,1423200,-0.0131,4356.450195,2022
2022-01-26,99.599998,97.470001,1084900,-0.0045,4349.930176,2022
2022-01-28,97.230003,99.43,2473000,0.0247,4431.850098,2022
2022-01-31,99.309998,101.410004,1150300,0.0199,4515.549805,2022
2022-02-01,101.709999,102.129997,1434500,0.0071,4546.540039,2022
2022-02-02,102.660004,102.790001,1361100,0.0065,4589.379883,2022
2022-02-03,101.220001,100.279999,1194500,-0.0244,4477.439941,2022
2022-02-04,100.349998,100.849998,1059400,0.0057,4500.529785,2022
2022-02-07,101.129997,100.589996,1050600,-0.0026,4483.870117,2022
2022-02-08,100.419998,101.43,1401200,0.0084,4521.540039,2022
2022-02-09,102.379997,102.949997,1267500,0.015,4587.180176,2022
2022-02-10,101.550003,101.129997,1261400,-0.0177,4504.080078,2022
2022-02-11,101.209999,99.099998,1142300,-0.0201,4418.640137,2022
2022-02-14,98.879997,98.739998,1639600,-0.0036,4401.669922,2022
2022-02-15,100.089996,100.410004,1292700,0.0169,4471.069824,2022
2022-02-16,99.879997,100.410004,1049100,0.0,4475.009766,2022
2022-02-17,99.75,98.139999,1165300,-0.0226,4380.259766,2022
2022-02-18,98.190002,97.459999,1562800,-0.0069,4348.870117,2022
2022-02-22,96.900002,96.379997,1512900,-0.0111,4304.759766,2022
2022-02-23,97.160004,94.610001,1851800,-0.0184,4225.5,2022
2022-02-24,91.910004,96.279999,1825600,0.0177,4288.700195,2022
2022-02-25,96.57,98.339996,1119800,0.0214,4384.649902,2022
2022-02-28,97.169998,98.160004,1632800,-0.0018,4373.939941,2022
2022-03-01,97.970001,96.720001,1247100,-0.0147,4306.259766,2022
2022-03-02,97.220001,98.43,1336500,0.0177,4386.540039,2022
2022-03-03,99.029999,97.889999,957000,-0.0055,4363.490234,2022
2022-03-04,97.059998,96.940002,921400,-0.0097,4328.870117,2022
2022-03-07,96.879997,94.089996,1099700,-0.0294,4201.089844,2022
2022-03-08,94.209999,93.349998,1216000,-0.0079,4170.700195,2022
2022-03-09,95.309998,95.93,1680900,0.0276,4277.879883,2022
2022-03-10,94.809998,95.339996,827600,-0.0062,4259.52002,2022
2022-03-11,95.849998,94.0,2135200,-0.0141,4204.310059,2022
2022-03-14,94.110001,93.129997,2236000,-0.0093,4173.109863,2022
2022-03-15,93.800003,95.190002,1210800,0.0221,4262.450195,2022
2022-03-16,96.150002,97.529999,1224600,0.0246,4357.859863,2022
2022-03-17,97.099998,98.809998,982700,0.0131,4411.669922,2022
2022-03-18,98.43,100.0,1410100,0.012,4463.120117,2022
2022-03-21,100.019997,99.940002,1410000,-0.0006,4461.180176,2022
2022-03-22,100.269997,101.18,879900,0.0124,4511.609863,2022
2022-03-23,100.580002,99.900002,825000,-0.0127,4456.240234,2022
2022-03-24,100.209999,101.059998,975100,0.0116,4520.160156,2022
2022-03-25,101.279999,101.449997,957400,0.0039,4543.060059,2022
2022-03-28,101.699997,102.199997,940400,0.0074,4575.52002,2022
2022-03-29,103.050003,103.629997,965700,0.014,4631.600098,2022
2022-03-30,103.400002,102.910004,984600,-0.0069,4602.450195,2022
2022-03-31,102.779999,101.349998,1445500,-0.0152,4530.410156,2022
2022-04-01,101.639999,101.580002,1046300,0.0023,4545.859863,2022
2022-04-04,101.580002,102.580002,792000,0.0098,4582.640137,2022
2022-04-05,102.260002,101.190002,1041100,-0.0136,4525.120117,2022
2022-04-06,100.120003,99.940002,816800,-0.0124,4481.149902,2022
2022-04-07,99.800003,100.43,712200,0.0049,4500.209961,2022
2022-04-08,100.330002,100.110001,697300,-0.0032,4488.279785,2022
2022-04-11,99.309998,98.389999,1064100,-0.0172,4412.529785,2022
2022-04-12,98.970001,97.949997,869500,-0.0045,4397.450195,2022
2022-04-13,97.900002,99.160004,888600,0.0124,4446.589844,2022
2022-04-14,99.169998,97.839996,627400,-0.0133,4392.589844,2022
2022-04-18,97.639999,97.779999,900600,-0.0006,4391.689941,2022
2022-04-19,97.699997,99.489998,867400,0.0175,4462.209961,2022
2022-04-20,99.970001,99.370003,1123100,-0.0012,4459.450195,2022
2022-04-21,100.32,97.760002,932300,-0.0162,4393.660156,2022
2022-04-22,97.559998,95.120003,1119100,-0.027,4271.779785,2022
2022-04-26,95.07,92.93,1175300,-0.0289,4175.200195,2022
2022-04-27,93.209999,93.129997,1781000,0.0022,4183.959961,2022
2022-04-28,94.260002,95.559998,971700,0.0261,4287.5,2022
2022-04-29,94.599998,92.010002,1357700,-0.0371,4131.930176,2022
2022-05-02,91.970001,92.660004,1496900,0.0071,4155.379883,2022
2022-05-03,92.639999,93.110001,1243100,0.0049,4175.47998,2022
2022-05-04,93.190002,95.860001,1385600,0.0295,4300.169922,2022
2022-05-05,94.870003,92.269997,1182400,-0.0375,4146.870117,2022
2022-05-06,91.739998,91.610001,1194100,-0.0072,4123.339844,2022
2022-05-09,90.010002,88.559998,1495900,-0.0333,3991.23999,2022
2022-05-10,90.059998,88.769997,1508400,0.0024,4001.050049,2022
2022-05-11,88.629997,87.209999,1475200,-0.0176,3935.179932,2022
2022-05-12,86.239998,87.260002,1882100,0.0006,3930.080078,2022
2022-05-13,88.330002,89.510002,1391700,0.0258,4023.889893,2022
2022-05-16,89.370003,89.040001,1264300,-0.0053,4008.01001,2022
2022-05-17,90.57,90.980003,1063200,0.0218,4088.850098,2022
2022-05-19,86.480003,86.690002,2835000,-0.0062,3900.790039,2022
2022-05-20,87.660004,86.889999,1931700,0.0023,3901.360107,2022
2022-05-23,87.459999,88.43,1949000,0.0177,3973.75,2022
2022-05-24,87.540001,87.610001,1105900,-0.0093,3941.47998,2022
2022-05-25,87.290001,88.43,970200,0.0094,3978.72998,2022
2022-05-26,88.720001,90.279999,974900,0.0209,4057.840088,2022
2022-05-27,90.760002,92.57,1150400,0.0254,4158.240234,2022
2022-05-31,92.0,91.919998,1119000,-0.007,4132.149902,2022
2022-06-01,92.550003,91.209999,1031400,-0.0077,4101.22998,2022
2022-06-02,91.059998,93.089996,1270600,0.0206,4176.819824,2022
2022-06-03,92.0,91.510002,857500,-0.017,4108.540039,2022
2022-06-06,92.5,91.75,862400,0.0026,4121.430176,2022
2022-06-07,90.82,92.720001,774900,0.0106,4160.680176,2022
2022-06-08,92.370003,91.75,729700,-0.0105,4115.77002,2022
2022-06-09,90.93,89.220001,836200,-0.0276,4017.820068,2022
2022-06-10,87.809998,86.550003,1474900,-0.0299,3900.860107,2022
2022-06-13,84.699997,83.199997,2557200,-0.0387,3749.629883,2022
2022-06-14,83.660004,82.849998,2664600,-0.0042,3735.47998,2022
2022-06-15,83.720001,84.139999,1556300,0.0156,3789.98999,2022
2022-06-16,82.139999,81.269997,2395600,-0.0341,3666.77002,2022
2022-06-17,81.169998,81.389999,1527300,0.0015,3674.840088,2022
2022-06-21,82.639999,83.449997,2525600,0.0253,3764.790039,2022
2022-06-22,82.339996,83.370003,1607200,-0.001,3759.889893,2022
2022-06-23,83.910004,84.269997,3094400,0.0108,3795.72998,2022
2022-06-24,84.720001,86.900002,1226500,0.0312,3911.73999,2022
2022-06-27,87.220001,86.629997,1317100,-0.0031,3900.110107,2022
2022-06-28,86.75,84.82,942100,-0.0209,3821.550049,2022
2022-06-29,84.849998,84.739998,888000,-0.0009,3818.830078,2022
2022-06-30,83.879997,83.900002,2663400,-0.0099,3785.379883,2022
2022-07-01,83.889999,84.910004,1623100,0.012,3825.330078,2022
2022-07-05,83.709999,85.07,1059900,0.0019,3831.389893,2022
2022-07-06,85.129997,85.43,906000,0.0042,3845.080078,2022
2022-07-07,85.699997,86.739998,863200,0.0153,3902.620117,2022
2022-07-08,86.32,86.650002,839300,-0.001,3899.379883,2022
2022-07-11,86.07,85.669998,793200,-0.0113,3854.429932,2022
2022-07-12,85.529999,84.800003,756700,-0.0102,3818.800049,2022
2022-07-13,83.519997,84.400002,962500,-0.0047,3801.780029,2022
2022-07-14,83.279999,84.080002,919600,-0.0038,3790.379883,2022
2022-07-15,85.080002,85.730003,773400,0.0196,3863.159912,2022
2022-07-18,86.43,85.059998,1157200,-0.0078,3830.850098,2022
2022-07-19,85.949997,87.379997,821400,0.0273,3936.689941,2022
2022-07-20,87.370003,88.059998,827800,0.0078,3959.899902,2022
2022-07-21,88.010002,88.940002,2701900,0.01,3998.949951,2022
2022-07-22,88.959999,88.089996,2330300,-0.0096,3961.629883,2022
2022-07-25,88.260002,88.139999,908600,0.0006,3966.840088,2022
2022-07-26,87.769997,87.099998,846600,-0.0118,3921.050049,2022
2022-07-27,87.860001,89.309998,753200,0.0254,4023.610107,2022
2022-07-28,89.540001,90.489998,1386100,0.0132,4072.429932,2022
2022-07-29,90.839996,91.900002,1909800,0.0156,4130.290039,2022
2022-08-01,91.309998,91.650002,1069600,-0.0027,4118.629883,2022
2022-08-02,91.290001,91.059998,1093200,-0.0064,4091.189941,2022
2022-08-03,91.610001,92.580002,775600,0.0167,4155.169922,2022
2022-08-04,92.529999,92.589996,733300,0.0001,4151.939941,2022
2022-08-05,91.589996,92.339996,928900,-0.0027,4145.189941,2022
2022-08-08,92.739998,92.269997,908200,-0.0008,4140.060059,2022
2022-08-09,92.07,91.870003,969500,-0.0043,4122.470215,2022
2022-08-10,93.379997,93.879997,2282300,0.0219,4210.240234,2022
2022-08-11,94.610001,93.800003,719100,-0.0009,4207.27002,2022
2022-08-12,94.279999,95.459999,654400,0.0177,4280.149902,2022
2022-08-15,94.870003,95.879997,629100,0.0044,4297.140137,2022
2022-08-16,95.510002,95.970001,862800,0.0009,4305.200195,2022
2022-08-17,95.230003,95.279999,767600,-0.0072,4274.040039,2022
2022-08-18,95.239998,95.529999,2380700,0.0026,4283.740234,2022
2022-08-19,94.919998,94.209999,628300,-0.0138,4228.47998,2022
2022-08-22,93.059998,92.190002,772500,-0.0214,4137.990234,2022
2022-08-23,92.080002,92.019997,740600,-0.0018,4128.72998,2022
2022-08-24,91.93,92.330002,768900,0.0034,4140.77002,2022
2022-08-25,92.660004,93.690002,721700,0.0147,4199.120117,2022
2022-08-26,93.629997,90.43,1233200,-0.0348,4057.659912,2022
2022-08-29,89.68,89.769997,843000,-0.0073,4030.610107,2022
2022-08-30,90.129997,88.82,929600,-0.0106,3986.159912,2022
2022-08-31,89.169998,88.199997,1365800,-0.007,3955.0,2022
2022-09-01,87.529999,88.300003,1200400,0.0011,3966.850098,2022
2022-09-02,89.209999,87.400002,933700,-0.0102,3924.26001,2022
2022-09-06,87.580002,87.010002,927100,-0.0045,3908.189941,2022
2022-09-07,86.849998,88.629997,952300,0.0186,3979.870117,2022
2022-09-08,88.139999,89.190002,838700,0.0063,4006.179932,2022
2022-09-09,89.699997,90.720001,837800,0.0172,4067.360107,2022
2022-09-12,91.129997,91.660004,831000,0.0104,4110.410156,2022
2022-09-13,89.510002,87.589996,1027100,-0.0444,3932.689941,2022
2022-09-14,87.849998,87.900002,940300,0.0035,3946.01001,2022
2022-09-15,87.540001,86.910004,1324300,-0.0113,3901.350098,2022
2022-09-16,85.970001,86.160004,1016000,-0.0086,3873.330078,2022
2022-09-19,85.440002,86.839996,1110600,0.0079,3899.889893,2022
2022-09-20,86.019997,85.790001,988900,-0.0121,3855.929932,2022
2022-09-21,86.230003,84.25,1700900,-0.018,3789.929932,2022
2022-09-22,84.029999,83.470001,1595600,-0.0093,3757.98999,2022
2022-09-23,82.550003,82.110001,2182500,-0.0163,3693.22998,2022
2022-09-26,81.400002,80.870003,2280700,-0.0151,3655.040039,2022
2022-09-27,81.769997,80.699997,2374600,-0.0021,3647.290039,2022
2022-09-28,80.959999,82.330002,2264400,0.0202,3719.040039,2022
2022-09-29,81.360001,80.529999,1760400,-0.0219,3640.469971,2022
2022-09-30,80.489998,79.410004,1973200,-0.0139,3585.620117,2022
2022-10-03,80.209999,81.550003,1239300,0.0269,3678.429932,2022
2022-10-04,82.830002,84.050003,1094300,0.0307,3790.929932,2022
2022-10-05,83.099998,83.870003,786100,-0.0021,3783.280029,2022
2022-10-06,83.510002,83.040001,1287900,-0.0099,3744.52002,2022
2022-10-07,82.010002,80.639999,1189800,-0.0289,3639.659912,2022
2022-10-10,80.910004,79.970001,869900,-0.0083,3612.389893,2022
2022-10-11,79.459999,79.400002,1268200,-0.0071,3588.840088,2022
2022-10-12,79.480003,79.220001,1081800,-0.0023,3577.030029,2022
2022-10-13,77.900002,81.230003,1857000,0.0254,3669.909912,2022
2022-10-14,81.888,79.349998,2008500,-0.0231,3583.070068,2022
2022-10-17,80.870003,81.379997,877300,0.0256,3677.949951,2022
2022-10-18,83.18,82.400002,886000,0.0125,3719.97998,2022
2022-10-19,81.769997,81.720001,785400,-0.0083,3695.159912,2022
2022-10-24,83.300003,84.0,2525800,0.0116,3797.340088,2022
2022-10-25,83.940002,85.470001,1119900,0.0175,3859.110107,2022
2022-10-26,84.730003,84.849998,1522100,-0.0073,3830.600098,2022
2022-10-27,85.07,84.43,1514900,-0.0049,3807.300049,2022
2022-10-28,84.269997,86.349998,980200,0.0227,3901.060059,2022
2022-10-31,85.68,85.75,2183900,-0.0069,3871.97998,2022
2022-11-01,86.57,85.419998,2321600,-0.0038,3856.100098,2022
2022-11-02,85.209999,83.18,1104300,-0.0262,3759.689941,2022
2022-11-03,82.349998,82.260002,816100,-0.0111,3719.889893,2022
2022-11-04,83.610001,83.470001,934300,0.0147,3770.550049,2022
2022-11-07,83.800003,84.190002,678000,0.0086,3806.800049,2022
2022-11-08,84.629997,84.800003,976900,0.0072,3828.110107,2022
2022-11-09,84.139999,82.949997,919100,-0.0218,3748.570068,2022
2022-11-10,86.089996,87.699997,1492300,0.0573,3956.370117,2022
2022-11-11,87.900002,88.650002,915700,0.0108,3992.929932,2022
2022-11-14,88.150002,87.849998,762500,-0.009,3957.25,2022
2022-11-15,89.110001,88.620003,1056800,0.0088,3991.72998,2022
2022-11-16,88.169998,87.889999,1113600,-0.0082,3958.790039,2022
2022-11-17,86.599998,87.57,752500,-0.0036,3946.560059,2022
2022-11-18,88.190002,87.910004,811000,0.0039,3965.340088,2022
2022-11-21,87.489998,87.550003,729700,-0.0041,3949.939941,2022
2022-11-22,88.080002,88.790001,790600,0.0142,4003.580078,2022
2022-11-23,88.639999,89.370003,660800,0.0065,4027.26001,2022
2022-11-25,89.150002,89.349998,319500,-0.0002,4026.120117,2022
2022-11-28,88.669998,87.879997,722700,-0.0165,3963.939941,2022
2022-11-29,87.879997,87.739998,747000,-0.0016,3957.629883,2022
2022-11-30,87.730003,90.529999,846500,0.0318,4080.110107,2022
2022-12-01,90.769997,90.510002,1014100,-0.0002,4076.570068,2022
2022-12-02,89.209999,90.410004,610500,-0.0011,4071.699951,2022
2022-12-05,89.660004,88.669998,959600,-0.0192,3998.840088,2022
2022-12-06,88.610001,87.349998,678300,-0.0149,3941.26001,2022
2022-12-07,87.050003,87.25,1142300,-0.0011,3933.919922,2022
2022-12-08,87.769997,87.989998,778200,0.0085,3963.51001,2022
2022-12-09,87.769997,87.349998,551700,-0.0073,3934.379883,2022
2022-12-12,87.410004,88.589996,1795300,0.0142,3990.560059,2022
2022-12-13,90.800003,88.940002,1288700,0.004,4019.649902,2022
2022-12-14,88.720001,88.370003,745600,-0.0064,3995.320068,2022
2022-12-15,87.129997,86.209999,1249200,-0.0244,3895.75,2022
2022-12-16,85.440002,85.07,979700,-0.0132,3852.360107,2022
2022-12-19,85.269997,84.300003,869400,-0.0091,3817.659912,2022
2022-12-20,84.019997,84.43,876200,0.0015,3821.620117,2022
2022-12-21,84.860001,85.720001,780500,0.0153,3878.439941,2022
2022-12-22,84.839996,84.360001,922500,-0.0159,3822.389893,2022
2022-12-23,84.110001,84.839996,838800,0.0057,3844.820068,2022
2022-12-27,84.82,84.510002,818400,-0.0039,3829.25,2022
2022-12-28,84.449997,83.510002,967800,-0.0118,3783.219971,2022
2022-12-29,84.0,85.029999,713900,0.0182,3849.280029,2022
2022-12-30,84.260002,84.75,873700,-0.0033,3839.5,2022
2023-01-03,85.32,84.440002,838700,-0.0037,3824.139893,2023
2023-01-04,84.879997,85.029999,1752100,0.007,3852.969971,2023
2023-01-05,84.730003,84.050003,857600,-0.0115,3808.100098,2023
2023-01-06,84.599998,85.900002,643500,0.022,3895.080078,2023
2023-01-09,86.389999,85.900002,1330700,0.0,3892.090088,2023
2023-01-10,85.75,86.599998,875800,0.0081,3919.25,2023
2023-01-12,87.870003,88.050003,2312700,0.0047,3983.169922,2023
2023-01-13,87.220001,88.470001,1355600,0.0048,3999.090088,2023
2023-01-17,88.389999,88.32,1224400,-0.0017,3990.969971,2023
2023-01-18,88.529999,86.889999,1022700,-0.0162,3928.860107,2023
2023-01-19,86.279999,86.18,2292300,-0.0082,3898.850098,2023
2023-01-20,86.400002,87.809998,742300,0.0189,3972.610107,2023
2023-01-23,87.889999,88.910004,1133600,0.0125,4019.810059,2023
2023-01-24,88.470001,88.760002,908900,-0.0017,4016.949951,2023
2023-01-25,87.709999,88.790001,822200,0.0003,4016.219971,2023
2023-01-26,89.360001,89.790001,1032600,0.0113,4060.429932,2023
2023-01-27,89.480003,90.080002,737800,0.0032,4070.560059,2023
2023-01-30,89.400002,88.900002,901100,-0.0131,4017.77002,2023
2023-01-31,88.93,90.239998,1423300,0.0151,4076.600098,2023
2023-02-01,89.910004,91.209999,1038200,0.0107,4119.209961,2023
2023-02-02,92.139999,92.639999,776100,0.0157,4179.759766,2023
2023-02-03,91.449997,91.580002,1130300,-0.0114,4136.47998,2023
2023-02-06,91.0,90.949997,664400,-0.0069,4111.080078,2023
2023-02-07,90.82,92.099998,759900,0.0126,4164.0,2023
2023-02-08,91.599998,91.080002,1073500,-0.0111,4117.859863,2023
2023-02-09,91.790001,90.209999,518800,-0.0096,4081.5,2023
2023-02-10,89.910004,90.389999,497400,0.002,4090.459961,2023
2023-02-13,90.440002,91.449997,552600,0.0117,4137.290039,2023
2023-02-14,91.230003,91.510002,848600,0.0007,4136.129883,2023
2023-02-15,90.879997,91.889999,912300,0.0042,4147.600098,2023
2023-02-16,90.669998,90.620003,540200,-0.0138,4090.409912,2023
2023-02-17,90.07,90.309998,540100,-0.0034,4079.090088,2023
2023-02-21,89.32,88.449997,700100,-0.0206,3997.340088,2023
2023-02-22,88.559998,88.379997,1274500,-0.0008,3991.050049,2023
2023-02-23,89.029999,88.93,769000,0.0062,4012.320068,2023
2023-02-24,87.720001,87.879997,1105900,-0.0118,3970.040039,2023
2023-02-27,88.68,88.220001,954300,0.0039,3982.23999,2023
2023-02-28,88.110001,87.870003,1075500,-0.004,3970.149902,2023
2023-03-01,87.650002,87.589996,577500,-0.0032,3951.389893,2023
2023-03-02,87.080002,88.25,641900,0.0075,3981.350098,2023
2023-03-03,88.720001,89.669998,530300,0.0161,4045.639893,2023
2023-03-06,89.870003,89.620003,601900,-0.0006,4048.419922,2023
2023-03-07,89.540001,88.25,934300,-0.0153,3986.370117,2023
2023-03-08,88.18,88.389999,736600,0.0016,3992.01001,2023
2023-03-09,88.43,86.730003,570100,-0.0188,3918.320068,2023
2023-03-10,86.489998,85.410004,897600,-0.0152,3861.590088,2023
2023-03-13,84.480003,85.25,1012600,-0.0019,3855.76001,2023
2023-03-14,86.410004,86.620003,832100,0.0161,3919.290039,2023
2023-03-15,85.260002,86.139999,1027100,-0.0055,3891.929932,2023
2023-03-16,85.519997,87.57,709300,0.0166,3960.280029,2023
2023-03-21,88.029999,88.580002,2410500,0.0143,4002.870117,2023
2023-03-22,88.449997,87.050003,2131500,-0.0173,3936.969971,2023
2023-03-23,87.160004,86.760002,1230300,-0.0033,3948.719971,2023
2023-03-24,86.349998,87.300003,964700,0.0062,3970.98999,2023
2023-03-27,87.739998,87.470001,1007000,0.0019,3977.530029,2023
2023-03-28,87.279999,87.290001,995600,-0.0021,3971.27002,2023
2023-03-30,89.089996,89.089996,842300,0.0058,4050.830078,2023
2023-03-31,89.389999,90.449997,1148900,0.0153,4109.310059,2023
2023-04-03,90.290001,90.660004,790500,0.0023,4124.509766,2023
2023-04-04,90.790001,90.139999,2403700,-0.0057,4100.600098,2023
2023-04-05,89.839996,89.769997,1682300,-0.0041,4090.379883,2023
2023-04-06,89.489998,90.089996,529300,0.0036,4105.02002,2023
2023-04-10,89.489998,90.220001,579000,0.0014,4109.109863,2023
2023-04-11,90.25,90.260002,527800,0.0004,4108.939941,2023
2023-04-12,90.739998,89.879997,1699600,-0.0042,4091.949951,2023
2023-04-13,90.040001,91.040001,1591900,0.0129,4146.220215,2023
2023-04-14,90.82,90.830002,777200,-0.0023,4137.640137,2023
2023-04-17,90.800003,91.160004,642400,0.0036,4151.319824,2023
2023-04-18,91.470001,91.239998,543100,0.0009,4154.870117,2023
2023-04-19,90.75,91.25,625700,0.0001,4154.52002,2023
2023-04-21,90.730003,90.809998,732500,0.0013,4133.52002,2023
2023-04-24,90.849998,90.849998,536600,0.0004,4137.040039,2023
2023-04-25,90.330002,89.32,426700,-0.0168,4071.629883,2023
2023-04-26,89.449997,88.970001,535000,-0.0039,4055.98999,2023
2023-04-27,89.5,90.779999,489000,0.0203,4135.350098,2023
2023-04-28,90.550003,91.529999,507200,0.0083,4169.47998,2023
2023-05-01,91.519997,91.459999,807300,-0.0008,4167.870117,2023
2023-05-02,91.260002,90.440002,452800,-0.0112,4119.580078,2023
2023-05-03,90.459999,89.830002,836100,-0.0067,4090.75,2023
2023-05-04,89.529999,89.150002,632800,-0.0076,4061.219971,2023
2023-05-05,89.93,90.800003,401600,0.0185,4136.25,2023
2023-05-08,90.790001,90.830002,486300,0.0003,4138.120117,2023
2023-05-09,90.379997,90.459999,359700,-0.0041,4119.169922,2023
2023-05-10,91.080002,90.910004,501600,0.005,4137.640137,2023
2023-05-11,90.669998,90.669998,609300,-0.0026,4130.620117,2023
2023-05-12,90.860001,90.559998,412800,-0.0012,4124.080078,2023
2023-05-15,90.599998,90.910004,338300,0.0039,4136.279785,2023
2023-05-16,90.68,90.209999,581300,-0.0077,4109.899902,2023
2023-05-17,90.550003,91.370003,401500,0.0129,4158.77002,2023
2023-05-18,91.199997,92.25,465800,0.0096,4198.049805,2023
2023-05-19,92.410004,92.07,439400,-0.002,4191.97998,2023
2023-05-22,92.019997,92.139999,1147000,0.0008,4192.629883,2023
2023-05-23,91.720001,91.120003,611700,-0.0111,4145.580078,2023
2023-05-24,90.68,90.440002,609100,-0.0075,4115.240234,2023
2023-05-25,91.18,91.209999,1239400,0.0085,4151.279785,2023
2023-05-26,91.349998,92.489998,555000,0.014,4205.450195,2023
2023-05-30,92.910004,92.440002,662700,-0.0005,4205.52002,2023
2023-05-31,91.940002,91.940002,1071300,-0.0054,4179.830078,2023
2023-06-01,91.889999,92.839996,687200,0.0098,4221.02002,2023
2023-06-02,93.419998,94.239998,748200,0.0151,4282.370117,2023
2023-06-05,94.379997,94.080002,691700,-0.0017,4273.790039,2023
2023-06-06,94.050003,94.330002,2480500,0.0027,4283.850098,2023
2023-06-07,94.099998,93.620003,515800,-0.0075,4267.52002,2023
2023-06-08,93.540001,94.209999,785200,0.0063,4293.930176,2023
2023-06-09,94.440002,94.290001,682400,0.0008,4298.859863,2023
2023-06-12,94.43,95.18,553000,0.0094,4338.930176,2023
2023-06-13,95.57,95.849998,453500,0.007,4369.009766,2023
2023-06-14,95.959999,95.940002,525000,0.0009,4372.589844,2023
2023-06-15,95.589996,97.120003,813100,0.0123,4425.839844,2023
2023-06-16,97.669998,96.730003,684400,-0.004,4409.589844,2023
2023-06-20,96.129997,96.25,829100,-0.005,4388.709961,2023
2023-06-21,95.940002,95.669998,421800,-0.006,4365.689941,2023
2023-06-22,95.360001,95.989998,1262300,0.0033,4381.890137,2023
2023-06-23,95.279999,95.220001,476400,-0.008,4348.330078,2023
2023-06-26,95.029999,94.860001,461300,-0.0038,4328.819824,2023
2023-06-27,95.089996,95.93,400800,0.0113,4378.410156,2023
2023-06-28,95.75,95.970001,516300,0.0004,4376.859863,2023
2023-06-29,95.809998,96.330002,2135400,0.0038,4396.439941,2023
2023-06-30,96.970001,97.459999,2057400,0.0117,4450.379883,2023
2023-07-03,97.459999,97.639999,1357700,0.0018,4455.589844,2023
2023-07-05,97.190002,97.449997,625700,-0.0019,4446.819824,2023
2023-07-06,96.510002,96.639999,457900,-0.0083,4411.589844,2023
2023-07-07,96.370003,96.440002,527100,-0.0021,4398.950195,2023
2023-07-10,96.279999,96.760002,427800,0.0033,4409.529785,2023
2023-07-11,96.870003,97.43,390500,0.0069,4439.259766,2023
2023-07-12,98.290001,98.209999,630700,0.008,4472.160156,2023
2023-07-13,98.610001,99.029999,662900,0.0083,4510.040039,2023
2023-07-14,99.129997,98.889999,531200,-0.0014,4505.419922,2023
2023-07-17,98.809998,99.339996,476100,0.0046,4522.790039,2023
2023-07-18,99.25,100.139999,507300,0.0081,4554.97998,2023
2023-07-19,100.309998,100.440002,1563000,0.003,4565.720215,2023
2023-07-24,99.879997,100.139999,1071000,0.004,4554.640137,2023
2023-07-25,99.980003,100.43,950100,0.0029,4567.459961,2023
2023-07-26,100.089996,100.440002,934600,0.0001,4566.75,2023
2023-07-27,101.150002,99.669998,533100,-0.0077,4537.410156,2023
2023-07-28,100.419998,100.669998,998300,0.01,4582.22998,2023
2023-07-31,100.720001,100.860001,1807200,0.0019,4588.959961,2023
2023-08-01,100.660004,100.589996,680800,-0.0027,4576.72998,2023
2023-08-02,99.769997,99.120003,608100,-0.0146,4513.390137,2023
2023-08-03,98.720001,98.809998,1082900,-0.0031,4501.890137,2023
2023-08-04,99.199997,98.440002,609100,-0.0037,4478.029785,2023
2023-08-07,98.830002,99.25,520600,0.0082,4518.439941,2023
2023-08-08,98.57,98.75,617700,-0.005,4499.379883,2023
2023-08-09,98.760002,98.089996,481500,-0.0067,4467.709961,2023
2023-08-10,98.589996,98.169998,546200,0.0008,4468.830078,2023
2023-08-11,97.669998,98.080002,408000,-0.0009,4464.049805,2023
2023-08-14,97.800003,98.650002,344600,0.0058,4489.720215,2023
2023-08-15,98.160004,97.510002,650900,-0.0116,4437.859863,2023
2023-08-16,97.330002,96.730003,675500,-0.008,4404.330078,2023
2023-08-17,97.019997,95.989998,559500,-0.0077,4370.359863,2023
2023-08-18,95.239998,96.059998,472600,0.0007,4369.709961,2023
2023-08-21,96.209999,96.660004,557700,0.0062,4399.77002,2023
2023-08-22,97.089996,96.349998,754300,-0.0032,4387.549805,2023
2023-08-23,96.559998,97.470001,831400,0.0116,4436.009766,2023
2023-08-24,97.790001,96.099998,675800,-0.0141,4376.310059,2023
2023-08-25,96.480003,96.800003,502600,0.0073,4405.709961,2023
2023-08-28,97.25,97.410004,519200,0.0063,4433.310059,2023
2023-08-29,97.400002,98.910004,785600,0.0154,4497.629883,2023
2023-08-30,98.989998,99.300003,757100,0.0039,4514.870117,2023
2023-08-31,99.419998,99.209999,659400,-0.0009,4507.660156,2023
2023-09-01,99.790001,99.470001,668100,0.0026,4515.77002,2023
2023-09-05,99.25,99.010002,338300,-0.0046,4496.830078,2023
2023-09-06,98.870003,98.300003,346100,-0.0072,4465.47998,2023
2023-09-07,97.5,98.0,408600,-0.0031,4451.140137,2023
2023-09-08,97.970001,98.169998,367300,0.0017,4457.490234,2023
2023-09-11,98.699997,98.82,447100,0.0066,4487.459961,2023
2023-09-12,98.349998,98.18,411500,-0.0065,4461.899902,2023
2023-09-13,98.110001,98.209999,320900,0.0003,4467.439941,2023
2023-09-14,98.790001,99.080002,340100,0.0089,4505.100098,2023
2023-09-15,98.620003,97.800003,634700,-0.0129,4450.319824,2023
2023-09-18,97.660004,97.879997,556000,0.0008,4453.529785,2023
2023-09-19,97.620003,97.620003,493900,-0.0027,4443.950195,2023
2023-09-20,97.82,96.739998,449700,-0.009,4402.200195,2023
2023-09-21,96.019997,95.080002,668600,-0.0172,4330.0,2023
2023-09-22,95.330002,94.870003,560100,-0.0022,4320.060059,2023
2023-09-25,94.550003,95.300003,437100,0.0045,4337.439941,2023
2023-09-26,94.32,93.480003,1302200,-0.0191,4273.529785,2023
2023-09-27,93.720001,93.559998,1125900,0.0009,4274.509766,2023
2023-09-28,93.339996,94.120003,505300,0.006,4299.700195,2023
2023-09-29,94.739998,93.910004,724900,-0.0022,4288.049805,2023
2023-10-02,93.760002,93.809998,455700,-0.0011,4288.390137,2023
2023-10-03,93.32,92.510002,607100,-0.0139,4229.450195,2023
2023-10-04,92.540001,93.199997,592100,0.0075,4263.75,2023
2023-10-05,93.120003,93.040001,580300,-0.0017,4258.189941,2023
2023-10-06,92.449997,94.260002,540100,0.0131,4308.5,2023
2023-10-09,93.730003,94.849998,371600,0.0063,4335.660156,2023
2023-10-10,95.010002,95.410004,445900,0.0059,4358.240234,2023
2023-10-11,95.769997,95.839996,817400,0.0045,4376.950195,2023
2023-10-12,95.860001,95.150002,668900,-0.0072,4349.609863,2023
2023-10-13,95.410004,94.669998,441800,-0.005,4327.779785,2023
