Date,Open,High,Low,Close,Adj Close,Volume
10/15/18,60.509998,60.509998,60.16,60.16,55.78458,3800
10/16/18,60.595001,61.470001,60.595001,61.459999,56.990032,35600
10/17/18,61.52,61.52,61.099998,61.278,56.821266,9400
10/18/18,61.172001,61.172001,60.360001,60.529999,56.12767,2600
10/19/18,60.75,60.990002,60.299999,60.5,56.09985,8300
10/22/18,60.689999,60.689999,60.108002,60.189999,55.812405,2100
10/23/18,59.349998,60.139999,58.945,59.869999,55.515663,8300
10/24/18,59.950001,59.950001,58.049999,58.049999,53.82803,11700
10/25/18,58.549999,59.43,58.549999,59.080002,54.783119,16400
10/26/18,57.990002,58.419998,57.389999,58,53.781685,13000
10/29/18,58.744999,58.744999,57,57.68,53.484943,6900
10/30/18,57.889999,58.369999,57.779999,58.296001,54.056156,19300
10/31/18,59.285,59.605999,59.25,59.605999,55.270866,1300
11/1/18,59.509998,59.869999,59.507999,59.869999,55.515663,5800
11/2/18,59.959999,59.959999,59.110001,59.48,55.154034,2700
11/5/18,59.423,59.860001,59.423,59.860001,55.506393,9900
11/6/18,59.889999,60.023998,59.828999,60.014999,55.65012,3600
11/7/18,60.790001,61.509998,60.68,61.509998,57.036385,10200
11/8/18,61.459999,61.549999,61.205002,61.205002,56.753586,3700
11/9/18,60.808998,60.808998,60.638,60.75,56.331676,8100
11/12/18,60.869999,60.869999,59.830002,59.830002,55.478584,16500
11/13/18,59.950001,60.07,59.659,59.669998,55.330215,19400
11/14/18,59.990002,59.990002,58.880001,59.220001,54.912937,22800
11/15/18,58.900002,59.98,58.849998,59.880001,55.52494,13400
11/16/18,59.82,60.158001,59.599998,60.009998,55.645485,6700
11/19/18,59.700001,59.700001,58.860001,59.02,54.727489,6600
11/20/18,58.040001,58.349998,57.830002,57.959999,53.744579,31700
11/21/18,58.450001,58.450001,58.189999,58.189999,53.957863,3600
11/23/18,57.860001,58.080002,57.860001,58.080002,53.855862,1100
11/26/18,58.509998,58.779999,58.397999,58.779999,54.504948,3600
11/27/18,58.66,59.02,58.450001,59.02,54.727489,23700
11/28/18,59.060001,60.349998,58.959999,60.349998,55.960754,44500
11/29/18,60,60.419998,59.759998,60.130001,55.756763,21800
11/30/18,60.189999,60.57,60.119999,60.57,56.164761,16000
12/3/18,61.360001,61.400002,60.970001,61.23,56.776756,11800
12/4/18,61.279999,61.279999,59.310001,59.310001,54.996403,16500
12/6/18,58.549999,59.41,57.860001,59.41,55.089134,58000
12/7/18,59.330002,59.424999,57.84,57.93,53.716766,27300
12/10/18,57.849998,58.200001,56.990002,58.02,53.800228,49300
12/11/18,58.720001,58.728001,58.02,58.02,53.800228,5400
12/12/18,58.639999,59.02,58.535,58.564999,54.305576,7700
12/13/18,58.580002,58.75,58.068001,58.145,53.91613,6800
12/14/18,57.91,57.91,57.16,57.193001,53.033363,18800
12/17/18,56.400002,56.873001,55.471001,55.549999,51.776932,27400
12/18/18,56.279999,56.299999,55.450001,55.77,51.981979,36300
12/19/18,55.630001,56.459999,54.912998,55,51.264282,46000
12/20/18,54.759998,54.950001,53.52,53.919998,50.257633,120600
12/21/18,54.439999,54.77,52.740002,52.849998,49.260319,132200
12/24/18,52.34,52.759998,51.470001,51.48,47.983368,67100
12/26/18,51.900002,54.099998,51.354,54.099998,50.425411,71500
12/27/18,52.91,54.220001,52.556999,54.220001,50.537266,36800
12/28/18,54.830002,55.139999,54.169998,54.259998,50.616543,58500
12/31/18,54.849998,54.93,54.310001,54.93,51.241562,171000
1/2/19,53.919998,54.969002,53.919998,54.73,51.054993,24200
1/3/19,54.25,54.34,53.459999,53.459999,49.87027,20600
1/4/19,54.314999,55.428001,54.314999,55.41,51.689331,36300
1/7/19,55.419998,56.110001,55.419998,55.77,52.025162,4100
1/8/19,56.459999,56.459999,55.799999,56.400002,52.612862,21000
1/9/19,56.506001,56.75,56.299999,56.549999,52.752777,21700
1/10/19,56.330002,56.779999,56.110001,56.779999,52.967339,33500
1/11/19,56.639999,56.799999,56.507999,56.775002,52.962677,11600
1/14/19,56.48,56.668999,56.438,56.59,52.790096,21400
1/15/19,56.68,57.139999,56.490002,57.110001,53.275185,13300
1/16/19,57.130001,57.48,57.130001,57.259998,53.415115,13100
1/17/19,57.25,57.75,57.25,57.700001,53.825562,6600
1/18/19,58.93,58.93,57.970001,58.308998,54.393677,14500
1/22/19,58.23,58.23,57.349998,57.5,53.638996,35500
1/23/19,57.799999,58.082001,57.278,57.799999,53.918854,16000
1/24/19,57.669998,57.903,57.59,57.82,53.937504,71900
1/25/19,58.228001,58.419998,58.209999,58.279999,54.366619,15400
1/28/19,57.93,57.93,57.52,57.900002,54.012138,31700
1/29/19,57.932999,58.029999,57.650002,57.759998,53.881523,30100
1/30/19,58.240002,58.84,57.970001,58.700001,54.758415,45100
1/31/19,58.52,59.254002,58.52,59.23,55.252827,32800
2/1/19,59.419998,59.438,59.060001,59.200001,55.224842,18200
2/4/19,59.369999,59.599998,59.185001,59.504002,55.508427,9000
2/5/19,59.650002,59.93,59.650002,59.924999,55.901161,38100
2/6/19,60,60,59.709999,59.900002,55.877834,13800
2/7/19,59.619999,59.619999,58.955002,59.32,55.336777,16400
2/8/19,59.200001,59.27,58.950001,59.25,55.271481,12900
2/11/19,59.669998,59.669998,59.327999,59.5,55.504692,9800
2/12/19,59.939999,60.27,59.914001,60.189999,56.148369,14600
2/13/19,60.425999,60.557999,60.330002,60.48,56.418888,11300
2/14/19,60.299999,60.465,60.049999,60.41,56.353592,47500
2/15/19,60.706001,60.846001,60.639999,60.814999,56.731403,71900
2/19/19,60.84,61.169998,60.826,61.060001,56.959961,15700
2/20/19,61.029999,61.279999,60.98,61.119999,57.015915,62500
2/21/19,60.911999,61.110001,60.750999,60.827,56.742592,9100
2/22/19,61.279999,61.349998,61.119999,61.299999,57.183834,26600
2/25/19,61.82,61.82,61.43,61.43,57.305099,14200
2/26/19,61.169998,61.494999,61.169998,61.459999,57.333084,33600
2/27/19,61.299999,61.439999,61.125999,61.439999,57.31443,20600
2/28/19,61.25,61.360001,61.125999,61.259998,57.146515,31300
3/1/19,61.599998,61.68,61.384998,61.599998,57.463696,29300
3/4/19,61.859001,61.859001,60.98,61.269001,57.154907,14400
3/5/19,61.52,61.540001,61.188999,61.349998,57.230473,18800
3/6/19,61.41,61.41,60.799999,60.919998,56.829338,31600
3/7/19,60.91,60.91,60.178001,60.25,56.204338,10800
3/8/19,60.009998,60.237,59.813,60.237,56.192223,49900
3/11/19,60.599998,61.169998,60.591999,61.169998,57.062565,19800
3/12/19,61.369999,61.529999,61.310001,61.349998,57.230473,27300
3/13/19,61.75,62.049999,61.627998,61.84,57.687572,19000
3/14/19,62.02,62.060001,61.740002,61.808998,57.658649,13100
3/15/19,61.949001,62.240002,61.949001,62.110001,57.939442,15800
3/18/19,62.34,62.369999,62.153999,62.360001,58.172653,41500
3/19/19,62.73,62.77,62.205002,62.25,58.070038,11600
3/20/19,62.040001,62.349998,61.77,61.974998,58.018559,30300
3/21/19,61.860001,62.73,61.860001,62.689999,58.687908,12200
3/22/19,62.09,62.09,61.470001,61.470001,57.545792,28000
3/25/19,61.5,61.551998,61.099998,61.389999,57.47089,17200
3/26/19,61.93,62.009998,61.580002,61.849998,57.901539,18900
3/27/19,61.970001,61.970001,61.27,61.52,57.592602,21600
3/28/19,61.77,61.849998,61.540001,61.73,57.789192,21400
3/29/19,62.029999,62.200001,61.970001,62.139999,58.173019,6800
4/1/19,62.540001,62.91,62.540001,62.887001,58.872334,11300
4/2/19,62.91,63.029999,62.790001,63.029999,59.006203,49800
4/3/19,63.249001,63.360001,63.009998,63.009998,58.987469,16200
4/4/19,63.259998,63.259998,63.029999,63.150002,59.118542,14600
4/5/19,63.380001,63.529999,63.380001,63.459999,59.408749,13000
4/8/19,63.34,63.650002,63.34,63.650002,59.586624,87500
4/9/19,63.330002,63.43,63.169998,63.169998,59.13726,28000
4/10/19,63.323002,63.529999,63.299999,63.48,59.427471,17600
4/11/19,63.560001,63.599998,63.397999,63.529999,59.474277,13100
4/12/19,64.040001,64.040001,63.810001,63.950001,59.867474,9800
4/15/19,64.139999,64.139999,63.724998,63.919998,59.839382,11900
4/16/19,64.120003,64.120003,63.855,64.010002,59.923637,28900
4/17/19,64.129997,64.129997,63.712002,63.75,59.680233,6400
4/18/19,63.669998,63.98,63.650002,63.902,59.822533,11400
4/22/19,63.93,64,63.73,64,59.91428,15800
4/23/19,64.199997,64.595001,64.120003,64.519997,60.401073,15400
4/24/19,64.529999,64.639999,64.424004,64.510002,60.391724,18400
4/25/19,64.559998,64.580002,64.226997,64.440002,60.326191,12300
4/26/19,64.369003,64.546997,64.193001,64.540001,60.419811,21800
4/29/19,64.800003,64.855003,64.639999,64.769997,60.63512,59800
4/30/19,64.730003,64.849998,64.32,64.849998,60.710018,91500
5/1/19,65.080002,65.080002,64.300003,64.300003,60.195129,24700
5/2/19,64.360001,65.419998,63.798,64.059998,59.97044,47600
5/3/19,64.620003,64.82,64.476997,64.765999,60.631378,46000
5/6/19,63.82,64.57,63.82,64.529999,60.410446,47800
5/7/19,64.050003,64.07,63.137001,63.450001,59.399387,29400
5/8/19,63.220001,63.740002,63.220001,63.610001,59.549183,97200
5/9/19,62.950001,63.23,62.477001,63.189999,59.155991,21900
5/10/19,63.060001,63.169998,62.292,63.130001,59.099815,16800
5/13/19,62.289001,62.289001,61.673,61.82,57.873447,32200
5/14/19,61.990002,62.77,61.990002,62.41,58.425785,46400
5/15/19,62,62.91,61.962002,62.777,58.769352,20200
5/16/19,63.34,63.639999,63.310001,63.310001,59.268337,158100
5/17/19,63,63.512001,62.939999,62.979,58.958462,29100
5/20/19,62.474998,62.721001,62.360001,62.540001,58.547485,18900
5/21/19,63.02,63.099998,62.919998,63.049999,59.024921,63300
5/22/19,62.887001,63.049999,62.827999,62.963001,58.943481,22500
5/23/19,62.490002,62.490002,61.776001,62.098,58.133694,16200
5/24/19,62.433998,62.459999,62.16,62.16,58.191746,45500
5/28/19,62.439999,62.540001,61.741001,61.775002,57.831329,16900
5/29/19,61.223999,61.359001,60.91,61.34,57.424088,11700
5/30/19,61.509998,61.547001,61.095001,61.310001,57.396004,59200
5/31/19,60.779999,60.896999,60.560001,60.639999,56.76878,16200
6/3/19,60.34,60.768002,60.110001,60.5,56.637718,65900
6/4/19,61.139999,61.59,60.880001,61.59,57.658138,20800
6/5/19,62.220001,62.25,61.68,62.240002,58.266644,18600
6/6/19,62.25,62.799999,62.209999,62.650002,58.650467,29300
6/7/19,62.950001,63.549999,62.950001,63.349998,59.305763,11400
6/10/19,63.810001,64.040001,63.639999,63.75,59.680233,30100
6/11/19,64.239998,64.239998,63.453999,63.619999,59.558533,22800
6/12/19,63.630001,63.669998,63.439999,63.500999,59.447136,17500
6/13/19,63.650002,63.82,63.619999,63.759998,59.689606,7700
6/14/19,63.530998,63.82,63.530998,63.720001,59.652153,9700
6/17/19,63.619999,63.619999,63.41,63.41,59.637108,13800
6/18/19,63.98,64.349998,63.98,64.050003,60.239029,34800
6/19/19,64,64.400002,64,64.379997,60.549393,38900
6/20/19,64.762001,64.959999,64.650002,64.829002,60.971676,18400
6/21/19,64.910004,65.019997,64.764999,64.878998,61.018696,14800
6/24/19,64.970001,64.970001,64.709999,64.724998,60.873871,21300
6/25/19,64.550003,64.550003,64.059998,64.07,60.257839,26100
6/26/19,64.18,64.220001,64.015999,64.026001,60.21645,19700
6/27/19,64.218002,64.300003,64.079002,64.269997,60.44593,21700
6/28/19,64.339996,64.629997,64.330002,64.529999,60.690472,22600
7/1/19,65.5,65.5,64.889999,65.209999,61.330002,29700
7/2/19,65.269997,65.269997,64.970001,65.160004,61.282997,18000
7/3/19,65.629997,65.739998,65.480003,65.726997,61.816242,7100
7/5/19,65.410004,65.75,65.330002,65.629997,61.725014,26800
7/8/19,65.300003,65.449997,65.190002,65.410004,61.518108,64800
7/9/19,65.18,65.440002,65.158997,65.440002,61.546329,14500
7/10/19,65.919998,65.919998,65.532997,65.694,61.785198,15100
7/11/19,65.980003,65.980003,65.68,65.746002,61.83411,21500
7/12/19,66.014999,66.150002,65.93,66.127998,62.19339,24100
7/15/19,66.43,66.43,66.080002,66.199997,62.261097,8800
7/16/19,66.339996,66.339996,65.970001,66.040001,62.110611,23900
7/17/19,66.120003,66.120003,65.610001,65.636002,61.730667,19400
7/18/19,65.5,65.830002,65.32,65.739998,61.828465,16800
7/19/19,65.959999,65.980003,65.379997,65.459999,61.565121,15900
7/22/19,65.580002,65.610001,65.389,65.580002,61.678009,16300
7/23/19,66,66.049004,65.667999,65.998001,62.071117,29200
7/24/19,65.790001,66.389999,65.790001,66.389999,62.439777,16500
7/25/19,66.459999,66.459999,65.919998,65.970001,62.044792,20300
7/26/19,66.330002,66.529999,66.290001,66.449997,62.496223,30300
7/29/19,66.610001,66.610001,66.25,66.419998,62.468006,18700
7/30/19,66.139999,66.400002,66.108002,66.230003,62.289314,20100
7/31/19,66.330002,66.400002,65.199997,65.739998,61.828465,21800
8/1/19,65.720001,66.220001,64.860001,65.110001,61.235958,30500
8/2/19,64.879997,64.879997,64.129997,64.224998,60.40361,26200
8/5/19,63.560001,63.560001,62.049,62.610001,58.884697,36500
8/6/19,62.77,63.34,62.580002,63.279999,59.514835,105500
8/7/19,62.395,63.509998,62.09,63.360001,59.590084,26200
8/8/19,63.75,64.589996,63.740002,64.589996,60.746895,30400
8/9/19,64.489998,64.489998,63.786999,64.239998,60.417717,15700
8/12/19,63.689999,63.84,63.300999,63.334999,59.56657,25500
8/13/19,63.209999,64.589996,63.209999,64.252998,60.429943,27000
8/14/19,63.439999,63.459999,62.463001,62.583,58.859314,46800
8/15/19,62.490002,62.700001,62.110001,62.610001,58.884697,25500
8/16/19,63.07,63.5,63.07,63.450001,59.674721,32800
8/19/19,64.269997,64.330002,64.120003,64.315002,60.488258,21800
8/20/19,64.220001,64.220001,63.759998,63.759998,59.966282,46800
8/21/19,64.334999,64.346001,64.120003,64.253998,60.430882,18800
8/22/19,64.477997,64.477997,63.830002,64.220001,60.398911,52700
8/23/19,63.890999,64.218002,62.310001,62.610001,58.884697,21500
8/26/19,63.144001,63.32,62.75,63.32,59.552456,55700
8/27/19,63.66,63.66,62.889999,63.150002,59.392578,47700
8/28/19,62.799999,63.52,62.799999,63.52,59.740559,44500
8/29/19,63.950001,64.379997,63.950001,64.360001,60.530579,37600
8/30/19,64.82,64.82,64.160004,64.309998,60.483562,32400
9/3/19,64.019997,64.019997,63.713001,63.939999,60.135563,2287200
9/4/19,64.599998,64.649002,64.309998,64.629997,60.784515,30200
9/5/19,65.360001,65.669998,65.360001,65.510002,61.612152,26000
9/6/19,65.480003,65.709999,65.440002,65.589996,61.687389,32900
9/9/19,65.68,65.730003,65.394997,65.57,61.668587,26200
9/10/19,65.25,65.480003,65.125,65.480003,61.583946,32600
9/11/19,65.75,65.93,65.57,65.900002,61.978943,29200
9/12/19,66.379997,66.480003,66.109001,66.339996,62.392765,29900
9/13/19,66.510002,66.510002,66.125,66.230003,62.289314,33200
9/16/19,66.080002,66.119003,65.890999,66.035004,62.10593,24100
9/17/19,66.099998,66.18,65.936996,66.167,62.230068,2872000
9/18/19,66.230003,66.230003,65.550003,66.150002,62.214066,28600
9/19/19,66.160004,66.519997,66.160004,66.160004,62.223484,39000
9/20/19,66.459999,66.459999,65.818001,65.949997,62.025978,25500
9/23/19,65.849998,66.019997,65.690002,65.900002,61.978943,36400
9/24/19,66.061996,66.089996,65.036003,65.172997,61.397686,30700
9/25/19,65.226997,65.639999,64.959999,65.636002,61.833881,35500
9/26/19,65.699997,65.699997,65.139999,65.519997,61.724579,70800
9/27/19,65.779999,65.779999,64.870003,65.120003,61.347767,31400
9/30/19,65.379997,65.597,65.282997,65.370003,61.583271,41300
10/1/19,65.779999,66.760002,64.614998,64.720001,60.970932,53500
10/2/19,64.349998,64.349998,63.209999,63.448002,59.772617,50000
10/3/19,63.400002,64.099998,62.847,64.099998,60.386837,43300
10/4/19,64.339996,64.879997,64.239998,64.870003,61.112244,44400
10/7/19,64.528,65.07,64.528,64.714996,60.966217,53600
10/8/19,64.290001,64.290001,63.581001,63.59,59.906387,42100
10/9/19,64.084,64.389999,63.931999,64.204002,60.484821,55400
10/10/19,64.279999,64.839996,64.160004,64.578003,60.837158,65200
10/11/19,65.497002,65.879997,65.419998,65.419998,61.630379,109300
10/14/19,65.264999,65.440002,65.25,65.300003,61.51733,284500
10/15/19,65.660004,66.07,65.614998,65.980003,62.15794,49300
10/16/19,65.759003,65.940002,65.669998,65.760002,61.950695,79500
10/17/19,66.150002,66.18,65.837997,65.970001,62.148525,83400
10/18/19,65.970001,65.970001,65.440002,65.669998,61.865891,80400
10/21/19,66.160004,66.230003,65.93,66.190002,62.355778,63400
10/22/19,66.309998,66.339996,65.955002,65.955002,62.134407,43300
10/23/19,65.949997,66.110001,65.793999,66.110001,62.280411,61000
10/24/19,66.470001,66.470001,66.059998,66.300003,62.4594,62700
10/25/19,66.199997,66.709999,66.199997,66.639999,62.779713,36400
10/28/19,67.07,67.150002,67,67.139999,63.250736,45700
10/29/19,67.089996,67.25,66.974998,67.029999,63.147129,79400
10/30/19,67.220001,67.269997,66.894997,67.209999,63.316692,37500
10/31/19,67.32,67.32,66.714996,67.050003,63.165977,103400
11/1/19,67.480003,67.660004,67.431,67.580002,63.665264,48500
11/4/19,68.18,68.18,67.902,68,64.060921,31800
11/5/19,68.169998,68.169998,67.809998,67.849998,63.919613,44700
11/6/19,67.849998,67.919998,67.705002,67.900002,63.966713,49500
11/7/19,68.370003,68.400002,68.089996,68.089996,64.145721,29500
11/8/19,67.980003,68.349998,67.980003,68.349998,64.390656,47300
11/11/19,68.150002,68.25,68.019997,68.18,64.230499,35500
11/12/19,68.349998,68.580002,68.214996,68.319,64.36145,35200
11/13/19,68.260002,68.459999,68.169998,68.345001,64.385948,56200
11/14/19,68.379997,68.470001,68.230003,68.455002,64.489571,56900
11/15/19,69.139999,69.139999,68.669998,68.917,64.924805,55400
11/18/19,69.050003,69.110001,68.860001,69.029999,65.031273,38500
11/19/19,69.099998,69.190002,68.93,69.135002,65.130173,44200
11/20/19,69.059998,69.099998,68.459999,68.791,64.806107,59800
11/21/19,69.019997,69.019997,68.556999,68.75,64.767479,51200
11/22/19,68.906998,68.929001,68.639999,68.830002,64.842842,85100
11/25/19,69.210999,69.385002,69.210999,69.360001,65.34214,92900
11/26/19,69.559998,69.629997,69.419998,69.584999,65.554131,46000
11/27/19,69.849998,69.900002,69.658997,69.889999,65.841446,256300
11/29/19,70.080002,70.080002,69.580002,69.586998,65.556,84100
12/2/19,69.580002,69.610001,68.917,68.93,64.937042,57900
12/3/19,68.360001,68.610001,68,68.510002,64.541389,180000
12/4/19,68.730003,69.150002,68.730003,69.038002,65.038818,30600
12/5/19,69.300003,69.300003,68.889999,69.071999,65.070824,31000
12/6/19,69.43,69.839996,69.43,69.739998,65.700127,46100
12/9/19,69.720001,69.800003,69.480003,69.480003,65.455208,34400
12/10/19,69.669998,69.669998,69.378998,69.415001,65.393959,472400
12/11/19,69.699997,69.699997,69.473,69.599998,65.568245,26100
12/12/19,69.720001,70.338997,69.599998,70.230003,66.161758,45000
12/13/19,70.300003,70.529999,70.082001,70.239998,66.171165,34600
12/16/19,70.410004,70.580002,70.379997,70.434998,66.645226,38100
12/17/19,70.669998,70.669998,70.400002,70.400002,66.612099,63200
12/18/19,70.410004,70.598999,70.410004,70.5,66.706718,45500
12/19/19,70.660004,70.814003,70.523003,70.722,66.916763,37500
12/20/19,71.089996,71.25,71.040001,71.195999,67.36528,40200
12/23/19,71.449997,71.449997,71.18,71.208,67.376617,34100
12/24/19,71.190002,71.239998,71.163002,71.210999,67.379463,18000
12/26/19,71.220001,71.629997,71.220001,71.629997,67.775909,36400
12/27/19,71.639999,71.720001,71.510002,71.610001,67.756981,69500
12/30/19,71.510002,71.510002,71.089996,71.144997,67.327347,35400
12/31/19,71.160004,71.353996,70.980003,71.32,67.492973,56700
1/2/20,71.660004,71.970001,71.510002,71.969002,68.10714,51500
1/3/20,71.32,71.769997,71.32,71.554001,67.714394,43700
1/6/20,71.230003,71.790001,71.230003,71.775002,67.923546,41400
1/7/20,71.779999,71.779999,71.542999,71.589996,67.748482,51000
1/8/20,71.529999,72.292,71.529999,71.970001,68.108093,52100
1/9/20,72.369003,72.510002,72.269997,72.469002,68.580315,76800
1/10/20,72.730003,72.730003,72.220001,72.220001,68.344681,97200
1/13/20,72.639999,72.900002,72.492996,72.876999,68.966415,85500
1/14/20,72.900002,73.025002,72.690002,72.800003,68.893547,45300
1/15/20,72.860001,73.160004,72.75,72.919998,69.007111,15412600
1/16/20,73.339996,73.559998,73.234001,73.559998,69.61277,2425500
1/17/20,73.910004,73.910004,73.599998,73.800003,69.839897,1660900
1/21/20,73.730003,73.879997,73.620003,73.709999,69.754723,2443800
1/22/20,73.989998,74.110001,73.704002,73.760002,69.802032,2102300
1/23/20,73.690002,73.879997,73.324997,73.839996,69.877739,863400
1/24/20,74.150002,74.150002,72.919998,73.199997,69.272064,508300
1/27/20,72.059998,72.440002,71.861,72.110001,68.240578,417000
1/28/20,72.559998,73.059998,72.315002,72.849998,68.940865,587000
1/29/20,73.279999,73.279999,72.747002,72.769997,68.86515,886600
1/30/20,72.449997,73.110001,72.230003,73.110001,69.18692,379100
1/31/20,73.110001,73.110001,71.57,71.779999,67.928276,409600
2/3/20,72.190002,72.809998,72.190002,72.43,68.543404,407600
2/4/20,73.349998,73.769997,73.220001,73.589996,69.641136,371100
2/5/20,74.389999,74.389999,73.800003,74.279999,70.294113,309100
2/6/20,74.610001,74.610001,74.242996,74.449997,70.454987,253300
2/7/20,74.370003,74.43,74,74.169998,70.190033,318500
2/10/20,74.110001,74.669998,73.959999,74.669998,70.663208,258600
2/11/20,75.099998,75.209999,74.739998,74.849998,70.833549,303200
2/12/20,75.339996,75.339996,75.084999,75.290001,71.249939,269400
2/13/20,75.089996,75.459999,74.875,75.230003,71.193153,330300
2/14/20,75.449997,75.449997,75.086998,75.379997,71.335098,268300
2/18/20,75.32,75.32,74.870003,75.209999,71.174225,363000
2/19/20,75.5,75.720001,75.389999,75.580002,71.524368,250600
2/20/20,75.580002,75.650002,74.519997,75.290001,71.249939,344400
2/21/20,75.080002,75.080002,74.258003,74.440002,70.445549,220600
2/24/20,72.309998,72.737999,71.747002,72.040001,68.174316,454900
2/25/20,72.470001,72.5,69.610001,69.879997,66.130234,290900
2/26/20,70.239998,70.980003,69.375,69.589996,65.855804,357300
2/27/20,68.230003,69.099998,66.43,66.480003,62.912689,442400
2/28/20,64.470001,66.050003,63.700001,66.050003,62.505756,889100
3/2/20,66.709999,68.940002,65.833,68.940002,65.240677,499500
3/3/20,69.239998,69.898003,66.469002,67.129997,63.527786,728200
3/4/20,68.519997,69.970001,67.82,69.940002,66.187012,311900
3/5/20,68.360001,69,67.120003,67.730003,64.095589,543400
3/6/20,65.639999,66.75,64.910004,66.389999,62.827511,444100
3/9/20,62.52,64.760002,61.110001,61.360001,58.067406,438100
3/10/20,63.82,64.339996,61.071999,64.339996,60.887508,380800
3/11/20,62.68,62.880001,60.439999,61.259998,57.972782,625900
3/12/20,56.919998,59.380001,51,55.32,52.351528,2263600
3/13/20,58.709999,60.59,55.700001,60.57,57.319809,954500
3/16/20,52.5,57.279999,52.5,53.299999,50.439911,503500
3/17/20,54.41,57.248001,53.094002,56.799999,53.752102,786400
3/18/20,53.439999,55.015999,51.110001,53.880001,50.988792,633600
3/19/20,53.470001,55.369999,52.014999,54.119999,51.215916,868300
3/20/20,54.689999,55.063999,51.354,51.66,48.88792,775100
3/23/20,51.639999,51.639999,49.119999,49.98,47.298073,1300600
3/24/20,52.490002,54.959999,52.459999,54.825001,51.883083,1552300
3/25/20,55.110001,57.299999,53.66,55.27,52.553432,1943100
3/26/20,55.849998,58.720001,55.849998,58.369999,55.501072,1610400
3/27/20,56.75,58.349998,56.259998,56.709999,53.922657,1659000
3/30/20,57.369999,58.700001,56.865002,58.610001,55.729282,469600
3/31/20,58.529999,58.889999,57.380001,57.490002,54.66433,416100
4/1/20,55.75,56.209999,54.605,55.080002,52.372772,389500
4/2/20,55.060001,56.439999,54.790001,56.34,53.570847,387700
4/3/20,56.299999,56.619999,54.919998,55.544998,52.814911,447900
4/6/20,57.639999,59.66,57.509998,59.27,56.356831,407300
4/7/20,61.130001,61.448002,59.369999,59.369999,56.45192,370000
4/8/20,60.099998,61.549999,59.415001,61.27,58.25853,269400
4/9/20,62.27,62.950001,61.709999,62.389999,59.323475,23505600
4/13/20,62.369999,62.369999,60.759998,61.689999,58.657894,6279600
4/14/20,63.040001,63.709999,62.779999,63.650002,60.521553,1969200
4/15/20,62.299999,62.580002,61.709999,62.189999,59.133308,1604000
4/16/20,62.529999,62.689999,61.75,62.57,59.49464,1399400
4/17/20,64.110001,64.32,63.273998,64.160004,61.006489,881100
4/20/20,63.349998,64.138,63.063,63.18,60.074654,1204800
4/21/20,62.060001,62.210999,60.93,61.080002,58.077866,941100
4/22/20,62.490002,62.970001,62.07,62.57,59.49464,1139300
4/23/20,62.919998,63.59,62.466999,62.529999,59.456604,615600
4/24/20,63.009998,63.549999,62.389999,63.43,60.312374,1165000
4/27/20,63.900002,64.650002,63.869999,64.379997,61.215675,1051500
4/28/20,65.379997,65.379997,64.029999,64.029999,60.882885,697800
4/29/20,65.489998,66.160004,65.169998,65.839996,62.603909,637800
4/30/20,65.629997,65.629997,64.787003,65.129997,61.928806,4736500
5/1/20,64.059998,64.07,63.139999,63.43,60.312374,730400
5/4/20,62.990002,63.700001,62.66,63.689999,60.559586,1361400
5/5/20,64.389999,64.93,64.150002,64.230003,61.073048,583900
5/6/20,64.699997,64.769997,63.84,63.889999,60.749752,626700
5/7/20,64.779999,65.169998,64.603996,64.730003,61.548473,881400
5/8/20,65.410004,65.900002,65.25,65.830002,62.594414,523900
5/11/20,65.410004,66.235001,65.32,65.93,62.68948,799400
5/12/20,66.169998,66.199997,64.550003,64.57,61.396332,584800
5/13/20,64.510002,64.666,62.858002,63.419998,60.302864,635200
5/14/20,62.91,64.230003,62.259998,64.230003,61.073048,573300
5/15/20,63.709999,64.550003,63.446999,64.550003,61.377323,541500
5/18/20,66.059998,66.769997,65.970001,66.459999,63.193436,435400
5/19/20,66.32,66.690002,65.709999,65.709999,62.480309,516600
5/20/20,66.669998,67.040001,66.574997,66.860001,63.573772,563500
5/21/20,66.830002,66.959999,66.089996,66.360001,63.098351,386300
5/22/20,66.400002,66.559998,66.059998,66.540001,63.269512,469700
5/26/20,68.089996,68.089996,67.260002,67.389999,64.077744,388900
5/27/20,68.040001,68.389999,66.849998,68.389999,65.028587,440700
5/28/20,68.730003,69.120003,68.080002,68.279999,64.923988,702600
5/29/20,68.120003,68.699997,67.519997,68.489998,65.123665,448700
6/1/20,68.529999,69.059998,68.32,68.919998,65.532532,518800
6/2/20,69.199997,69.470001,68.769997,69.470001,66.055481,394600
6/3/20,69.989998,70.550003,69.889999,70.389999,66.930275,394600
6/4/20,70.160004,70.489998,69.57,70.110001,66.66404,10576800
6/5/20,71.260002,72.260002,71.25,71.769997,68.242439,1535600
6/8/20,71.940002,72.68,71.870003,72.669998,69.098221,1706500
6/9/20,71.980003,72.519997,71.860001,72.239998,68.689346,2722600
6/10/20,72.449997,72.589996,71.650002,71.800003,68.271004,858400
6/11/20,70.080002,70.25,67.610001,67.75,64.420021,720800
6/12/20,69.330002,69.639999,67.25,68.580002,65.209236,888200
6/15/20,66.980003,69.255997,66.697998,69.040001,65.891632,601100
6/16/20,71.050003,71.050003,69.168999,70.25,67.04644,712300
6/17/20,70.650002,70.669998,69.919998,70.059998,66.86512,591100
6/18/20,69.830002,70.220001,69.739998,70.150002,66.951012,416300
6/19/20,71.029999,71.050003,69.410004,69.769997,66.588348,400800
6/22/20,69.800003,70.300003,69.400002,70.260002,67.055992,410000
6/23/20,70.970001,71.099998,70.434998,70.550003,67.332764,366500
6/24/20,70.099998,70.309998,68.339996,68.769997,65.633949,516700
6/25/20,68.730003,69.599998,68.150002,69.559998,66.387909,442800
6/26/20,69.370003,69.370003,67.82,67.959999,64.860893,535100
6/29/20,68.309998,68.849998,67.702003,68.839996,65.70076,374400
6/30/20,68.779999,70.260002,68.779999,69.989998,66.798309,401200
7/1/20,70.110001,70.660004,70.068001,70.410004,67.199165,655400
7/2/20,71.199997,71.540001,70.610001,70.75,67.523651,465700
7/6/20,71.800003,72.019997,71.610001,71.959999,68.678459,450600
7/7/20,71.68,72.089996,71.099998,71.220001,67.972221,392400
7/8/20,71.43,71.800003,71,71.800003,68.525772,1491700
7/9/20,72.040001,72.040001,70.559998,71.459999,68.201279,586900
7/10/20,71.339996,72.199997,71.050003,72.18,68.888451,381700
7/13/20,72.779999,73.300003,71.309998,71.400002,68.144028,367300
7/14/20,71.040001,72.432999,70.790001,72.383003,69.082184,511400
7/15/20,73.239998,73.260002,72.394997,73.080002,69.747414,387700
7/16/20,72.639999,72.919998,72.379997,72.82,69.499252,1514300
7/17/20,72.970001,73.209999,72.550003,73.029999,69.699669,414000
7/20/20,73.029999,73.860001,72.800003,73.720001,70.358215,444200
7/21/20,74.269997,74.269997,73.57,73.75,70.386856,483000
7/22/20,73.75,74.264999,73.709999,74.220001,70.835426,389900
7/23/20,74.209999,74.319,72.900002,73.290001,69.947838,482700
7/24/20,72.75,73,72.355003,72.760002,69.442001,266300
7/27/20,72.989998,73.394997,72.720001,73.32,69.976456,377000
7/28/20,73.129997,73.389999,72.773003,72.82,69.499252,467200
7/29/20,73.080002,73.940002,73.080002,73.809998,70.444099,321100
7/30/20,73.129997,73.629997,72.589996,73.540001,70.186424,1631200
7/31/20,74.080002,74.150002,72.959999,74.139999,70.759064,482300
8/3/20,74.599998,74.879997,74.460999,74.709999,71.303078,323800
8/4/20,74.559998,74.989998,74.466003,74.989998,71.57029,319000
8/5/20,75.290001,75.489998,75.245003,75.449997,72.009338,329500
8/6/20,75.370003,75.940002,75.209999,75.93,72.467438,267800
8/7/20,75.589996,75.976997,75.379997,75.949997,72.486534,416500
8/10/20,76.110001,76.144997,75.5,76.050003,72.581963,373200
8/11/20,76.339996,76.518997,75.289001,75.400002,71.961601,346300
8/12/20,76.099998,76.760002,76.099998,76.559998,73.06871,332700
8/13/20,76.510002,76.839996,76.260002,76.519997,73.030518,759500
8/14/20,76.489998,76.601997,76.25,76.510002,73.020981,298000
8/17/20,76.809998,76.889999,76.68,76.800003,73.29776,338000
8/18/20,76.970001,77.150002,76.610001,77.028999,73.516327,423600
8/19/20,77.129997,77.25,76.599998,76.720001,73.221405,361800
8/20/20,76.349998,77.129997,76.25,77.029999,73.517273,496200
8/21/20,77.029999,77.360001,76.900002,77.32,73.794044,280900
8/24/20,77.940002,78,77.599998,77.970001,74.414406,349800
8/25/20,78.139999,78.309998,77.862999,78.309998,74.738892,280500
8/26/20,78.470001,79.239998,78.379997,79.199997,75.588303,449600
8/27/20,79.379997,79.699997,78.900002,79.330002,75.712395,409500
8/28/20,79.629997,79.839996,79.330002,79.82,76.180054,1556700
8/31/20,79.844002,80.080002,79.540001,79.68,76.046432,499300
9/1/20,79.93,80.43,79.690002,80.43,76.762222,390100
9/2/20,80.93,81.699997,80.454002,81.559998,77.840698,429800
9/3/20,80.949997,81.045998,77.900002,78.510002,74.929771,431500
9/4/20,78.68,79.099998,76.080002,77.800003,74.252167,428900
9/8/20,76.220001,76.629997,75.449997,75.550003,72.104767,921400
9/9/20,76.470001,77.639999,76.32,77.080002,73.56498,367600
9/10/20,77.669998,77.760002,75.510002,75.800003,72.343361,372800
9/11/20,76.199997,76.400002,75.040001,75.82,72.36245,460300
9/14/20,76.580002,77.238998,76.432999,76.849998,73.345474,400100
9/15/20,77.550003,77.689003,77.013,77.32,73.794044,426200
9/16/20,77.650002,77.940002,76.910004,76.980003,73.469559,373800
9/17/20,75.709999,76.660004,75.620003,76.309998,72.830109,534800
9/18/20,76.580002,76.580002,74.870003,75.529999,72.08567,325800
9/21/20,74.300003,74.809998,73.470001,74.809998,71.398514,364700
9/22/20,75.07,75.599998,74.464996,75.489998,72.047493,480300
9/23/20,75.360001,75.360001,73.268997,73.379997,70.297249,731400
9/24/20,72.940002,74.294998,72.68,73.480003,70.393051,728600
9/25/20,73.449997,74.980003,73.209999,74.870003,71.72467,355800
9/28/20,75.889999,76.227997,75.610001,76.080002,72.883835,254300
9/29/20,76.110001,76.18,75.553001,75.669998,72.491058,345300
9/30/20,75.860001,76.995003,75.809998,76.209999,73.008377,565900
10/1/20,76.82,77.080002,76.330002,76.699997,73.477776,442600
10/2/20,75.379997,76.489998,75.379997,76.050003,72.855087,417300
10/5/20,76.589996,77.419998,76.589996,77.370003,74.119629,276500
10/6/20,77.419998,77.980003,76.217003,76.370003,73.161652,812300
10/7/20,77.18,77.889999,77.080002,77.720001,74.454918,16329600
10/8/20,78.220001,78.410004,77.980003,78.379997,75.087189,2502000
10/9/20,78.870003,79.220001,78.650002,79.110001,75.786522,2384700
10/12/20,79.82,80.75,79.660004,80.32,76.945702,587300
10/13/20,80.459999,80.459999,79.709999,79.900002,76.543358,864500
10/14/20,80.150002,80.324997,79.264999,79.459999,76.121834,800700
10/15/20,78.519997,79.480003,78.394997,79.389999,76.054756,979800
10/16/20,79.779999,80.059998,79.279999,79.32,75.987709,945500
10/19/20,79.660004,79.765999,77.889999,78.129997,74.847702,595900
10/20/20,78.440002,79.18,78.25,78.389999,75.096771,779500
10/21/20,78.440002,78.910004,78.18,78.209999,74.924339,621900
10/22/20,78.300003,78.769997,77.731003,78.660004,75.355446,562100
10/23/20,78.849998,78.879997,78.279999,78.830002,75.518295,608300
10/26/20,78.160004,78.260002,76.559998,77.389999,74.138802,634400
10/27/20,77.57,77.620003,77.150002,77.239998,73.995079,514200
10/28/20,75.870003,75.970001,74.472,74.580002,71.446831,630700
10/29/20,74.774002,76.095001,74.294998,75.32,72.155762,601800
10/30/20,75.019997,75.265999,73.565002,74.43,71.303146,661700
11/2/20,75.220001,75.779999,74.601997,75.269997,72.107849,662000
11/3/20,76.110001,77.129997,75.978996,76.639999,73.420288,667200
11/4/20,77.790001,79.330002,77.550003,78.32,75.029724,504500
11/5/20,79.739998,80.389,79.559998,79.970001,76.610413,1129500
11/6/20,80.050003,80.300003,79.43,80.059998,76.696625,615800
11/9/20,83.139999,83.139999,80.790001,80.879997,77.482185,715100
11/10/20,80.760002,80.860001,79.824997,80.68,77.290573,664300
11/11/20,81.230003,81.470001,80.910004,81.32,77.903694,647900
11/12/20,81.099998,81.260002,80.105003,80.580002,77.194778,581300
11/13/20,81.089996,81.790001,80.910004,81.639999,78.210251,492500
11/16/20,82.400002,82.620003,81.947998,82.620003,79.149078,648200
11/17/20,82.25,82.580002,81.809998,82.309998,78.852089,818200
11/18/20,82.260002,82.559998,81.459999,81.459999,78.037796,653400
11/19/20,81.370003,81.949997,81,81.900002,78.459312,774100
11/20/20,81.900002,81.910004,81.349998,81.379997,77.961166,583500
11/23/20,82.019997,82.190002,81.349998,81.940002,78.49765,459300
11/24/20,82.57,83.309998,82.309998,83.220001,79.723862,631800
11/25/20,83.269997,83.301003,82.849998,83.209999,79.714279,574900
11/27/20,83.540001,83.638,83.309998,83.57,80.059166,311600
11/30/20,83.449997,83.488998,82.470001,83.160004,79.666405,464700
12/1/20,84.059998,84.334999,83.809998,83.980003,80.451935,525900
12/2/20,83.709999,84.110001,83.449997,84.089996,80.557304,590400
12/3/20,84.18,84.449997,83.870003,84.07,80.538155,500700
12/4/20,84.260002,84.860001,84.260002,84.860001,81.294968,476900
12/7/20,84.709999,84.860001,84.449997,84.779999,81.218338,547500
12/8/20,84.440002,85.190002,84.440002,85.080002,81.505737,479800
12/9/20,85.279999,85.279999,83.910004,84.190002,80.653107,602700
12/10/20,83.809998,84.440002,83.487,84.239998,80.701019,810100
12/11/20,84,84.220001,83.410004,84.110001,80.576469,751900
12/14/20,84.449997,84.650002,83.525002,83.57,80.338074,672700
12/15/20,84.190002,84.650002,83.830002,84.650002,81.376305,614500
12/16/20,84.769997,84.980003,84.470001,84.739998,81.462807,826700
12/17/20,85.269997,85.410004,85.089996,85.410004,82.106918,568400
12/18/20,85.610001,85.610001,84.57,85.160004,81.866577,486800
12/21/20,84.309998,85.065002,83.519997,84.879997,81.597404,854800
12/22/20,84.910004,85.050003,84.495003,84.839996,81.55896,661400
12/23/20,84.849998,85.290001,84.82,84.839996,81.55896,631300
12/24/20,85,85.169998,84.772003,85.169998,81.87619,352200
12/28/20,85.809998,85.809998,85.5,85.709999,82.395309,530400
12/29/20,86.040001,86.138,85.349998,85.519997,82.212662,645300
12/30/20,85.769997,85.919998,85.550003,85.650002,82.337624,612700
12/31/20,85.68,86.160004,85.466003,86.029999,82.702934,528600
1/4/21,86.419998,86.419998,83.949997,84.889999,81.607025,878200
1/5/21,84.809998,85.669998,84.647003,85.489998,82.183807,863600
1/6/21,85.089996,86.720001,84.900002,85.940002,82.616409,669800
1/7/21,86.559998,87.449997,86.519997,87.300003,83.923828,556400
1/8/21,87.760002,87.879997,86.860001,87.860001,84.462158,606500
1/11/21,87.190002,87.730003,87.019997,87.300003,83.923828,550900
1/12/21,87.389999,87.580002,86.830002,87.400002,84.019951,653300
1/13/21,87.489998,87.889999,87.209999,87.620003,84.231438,1165300
1/14/21,87.739998,87.940002,87.220001,87.339996,83.962273,14440700
1/15/21,87.110001,87.168999,86.260002,86.650002,83.298958,2184900
1/19/21,87.190002,87.529999,86.950996,87.389999,84.010345,2508200
1/20/21,87.900002,88.82,87.900002,88.620003,85.192764,1319100
1/21/21,88.839996,89,88.459999,88.699997,85.269669,1153800
1/22/21,88.349998,88.669998,88.139999,88.440002,85.019737,835200
1/25/21,88.730003,88.93,87.449997,88.760002,85.327347,1014400
1/26/21,88.910004,89.110001,88.519997,88.610001,85.183174,782800
1/27/21,87.769997,87.769997,85.879997,86.370003,83.029793,831000
1/28/21,86.830002,88.219002,86.809998,87.209999,83.837296,704300
1/29/21,86.834999,86.989998,85.084999,85.57,82.260727,836300
2/1/21,86.489998,87.239998,85.870003,86.940002,83.577736,1073300
2/2/21,87.82,88.595001,87.809998,88.220001,84.808258,713000
2/3/21,88.489998,88.699997,88.019997,88.300003,84.885147,1351000
2/4/21,88.650002,89.32,88.519997,89.32,85.865692,1412000
2/5/21,89.660004,89.860001,89.392998,89.720001,86.250214,1008400
2/8/21,90.208,90.379997,89.869003,90.379997,86.884705,1354100
2/9/21,90.220001,90.449997,90.120003,90.300003,86.807808,1325400
2/10/21,90.780998,90.780998,89.720001,90.349998,86.855865,797400
2/11/21,90.580002,90.733002,89.900002,90.529999,87.028908,793000
2/12/21,90.309998,91.040001,90.309998,90.970001,87.451889,605700
2/16/21,91.330002,91.339996,90.650002,90.870003,87.355759,1283000
2/17/21,90.355003,90.790001,90,90.760002,87.250008,745800
2/18/21,90.163002,90.559998,89.629997,90.389999,86.894318,815000
2/19/21,90.769997,90.799004,90.139999,90.209999,86.721275,546000
2/22/21,89.559998,90.029999,89.389,89.43,85.971451,588600
2/23/21,88.709999,89.739998,87.550003,89.470001,86.009895,654700
2/24/21,89.139999,90.400002,88.82,90.339996,86.846252,627900
2/25/21,90.07,90.370003,87.709999,88.099998,84.692879,749200
2/26/21,88.449997,88.860001,87.160004,87.730003,84.337204,942700
3/1/21,88.958,90.18,88.928001,89.900002,86.423279,955100
3/2/21,90.07,90.07,89.07,89.089996,85.644592,827900
3/3/21,88.940002,89.169998,87.699997,87.730003,84.337204,692100
3/4/21,87.610001,88.199997,85.373001,86.440002,83.097076,1003900
3/5/21,87.339996,88.296997,85.349998,88.089996,84.68325,830100
3/8/21,88.150002,88.949997,87.455002,87.519997,84.135307,1021200
3/9/21,88.449997,89.535004,88.449997,88.919998,85.481163,1380700
3/10/21,89.57,89.845001,89.138,89.410004,85.952225,686500
3/11/21,90.040001,90.93,90,90.419998,86.923164,712600
3/12/21,90.080002,90.559998,89.841003,90.559998,87.057732,1367400
3/15/21,90.599998,91.209999,90.099998,91.199997,87.672989,809700
3/16/21,91.239998,91.480003,90.739998,90.980003,87.461494,821400
3/17/21,90.519997,91.480003,90.300003,91.260002,87.730675,600000
3/18/21,90.529999,91.059998,89.690002,89.800003,86.327141,709500
3/19/21,89.610001,90.123001,89.110001,89.730003,86.259834,648200
3/22/21,89.769997,90.790001,89.769997,90.480003,86.980843,614700
3/23/21,90.25,90.650002,89.553001,89.790001,86.317528,1681300
3/24/21,90.099998,90.384003,89.120003,89.120003,85.673431,961100
3/25/21,88.440002,89.529999,88,89.339996,86.14785,836300
3/26/21,89.75,90.870003,89.434998,90.800003,87.555702,840600
3/29/21,90.459999,90.889999,90,90.599998,87.362831,1791600
3/30/21,90.339996,90.589996,90.019997,90.449997,87.218185,923300
3/31/21,90.614998,91.330002,90.589996,90.870003,87.623192,880400
4/1/21,91.330002,91.949997,91.330002,91.949997,88.664597,1935600
4/5/21,92.769997,93.260002,92.629997,93.169998,89.841011,1351600
4/6/21,93.07,93.440002,93.010002,93.18,89.850655,894300
4/7/21,93.059998,93.348,92.970001,93.260002,89.927795,785000
4/8/21,93.589996,93.769997,93.370003,93.769997,90.419556,909200
4/9/21,93.800003,94.455002,93.730003,94.449997,91.075264,945500
4/12/21,94.290001,94.550003,94.139999,94.480003,91.104202,890800
4/13/21,94.589996,95.004997,94.449997,94.860001,91.470627,847200
4/14/21,94.900002,95.096001,94.317001,94.470001,91.094559,1004900
4/15/21,94.959999,95.540001,94.959999,95.529999,92.116684,1842000
4/16/21,95.769997,95.980003,95.43,95.779999,92.357742,694100
4/19/21,95.599998,95.620003,94.879997,95.230003,91.8274,1099000
4/20/21,95.050003,95.18,94.220001,94.629997,91.24884,1939100
4/21/21,94.339996,95.529999,94.339996,95.529999,92.116684,1290300
4/22/21,95.57,95.730003,94.410004,94.68,91.297058,1484900
4/23/21,94.839996,96.040001,94.790001,95.739998,92.319191,1031600
4/26/21,95.830002,96.065002,95.769997,95.959999,92.531311,660100
4/27/21,96,96.025002,95.634003,95.830002,92.40596,946400
4/28/21,95.790001,96.150002,95.684998,95.790001,92.367378,1434900
4/29/21,96.449997,96.589996,95.470001,96.269997,92.830254,1279200
4/30/21,95.769997,95.925003,95.379997,95.510002,92.097412,1015400
5/3/21,96.059998,96.129997,95.635002,95.75,92.328827,769400
5/4/21,95.18,95.379997,94.160004,95.120003,91.721344,1403700
5/5/21,95.476997,95.519997,94.908997,95.080002,91.68277,782300
5/6/21,95.080002,95.769997,94.510002,95.769997,92.348114,1003700
5/7/21,96.059998,96.629997,95.870003,96.480003,93.032753,1145900
5/10/21,96.470001,96.510002,95.440002,95.440002,92.029892,753200
5/11/21,94.18,94.860001,93.690002,94.730003,91.345268,1144900
5/12/21,94.080002,94.280998,92.449997,92.610001,89.301033,897100
5/13/21,92.940002,94.129997,92.940002,93.599998,90.255646,1094000
5/14/21,94.269997,95.345001,94.269997,95.139999,91.740616,707900
5/17/21,94.889999,95.080002,94.360001,94.879997,91.489899,839100
5/18/21,94.910004,94.980003,94.040001,94.07,90.708862,820500
5/19/21,92.800003,93.849998,92.57,93.760002,90.409912,557600
5/20/21,94.019997,95.230003,94.019997,94.949997,91.557396,890100
5/21/21,95.300003,95.610001,94.760002,94.889999,91.49955,746100
5/24/21,95.290001,96.120003,95.290001,95.879997,92.454178,653000
5/25/21,96.169998,96.190002,95.542999,95.690002,92.270973,714400
5/26/21,95.800003,96.040001,95.619003,95.93,92.502396,3009800
5/27/21,96.150002,96.230003,95.910004,95.949997,92.521675,998500
5/28/21,96.25,96.440002,96.099998,96.18,92.743462,758100
6/1/21,96.68,96.769997,95.949997,96.029999,92.598824,1137100
6/2/21,96.190002,96.410004,95.980003,96.279999,92.839882,996000
6/3/21,95.93,96.089996,95.260002,95.839996,92.415604,758700
6/4/21,96.220001,96.790001,96.195,96.730003,93.273819,1499500
6/7/21,96.800003,96.800003,96.491997,96.75,93.293098,541800
6/8/21,96.985001,97,96.335999,96.809998,93.35096,534300
6/9/21,97.029999,97.029999,96.589996,96.629997,93.177383,598200
6/10/21,96.669998,97.050003,96.394997,96.910004,93.687836,585800
6/11/21,96.93,97.129997,96.720001,97.129997,93.900497,549600
6/14/21,97.220001,97.379997,96.880997,97.379997,94.142204,1120900
6/15/21,97.410004,97.410004,96.93,97.120003,93.890854,717700
6/16/21,97.160004,97.18,96.050003,96.610001,93.397812,709400
6/17/21,96.629997,96.82,95.955002,96.639999,93.426811,644100
6/18/21,95.989998,96,95.330002,95.330002,92.160362,717500
6/21/21,95.620003,96.669998,95.540001,96.629997,93.417145,1245100
6/22/21,96.739998,97.404999,96.510002,97.150002,93.919846,575400
6/23/21,97.199997,97.43,97.099998,97.150002,93.919846,538600
6/24/21,97.739998,97.809998,97.586998,97.709999,94.461235,1229500
6/25/21,98,98.110001,97.792999,98.029999,94.770584,584300
6/28/21,98.43,98.43,97.953003,98.330002,95.060608,572600
6/29/21,98.436996,98.580002,98.290001,98.43,95.157295,1062100
6/30/21,98.339996,98.589996,98.300003,98.470001,95.195953,938500
7/1/21,98.580002,98.959999,98.530998,98.959999,95.669655,1784100
7/2/21,99.129997,99.739998,99.089996,99.68,96.36573,627600
7/6/21,99.849998,99.849998,98.838997,99.489998,96.182045,736400
7/7/21,99.790001,99.919998,99.179001,99.879997,96.559082,657100
7/8/21,98.449997,99.209999,98.260002,99.050003,95.756676,746600
7/9/21,99.269997,100.139999,99.269997,100.07,96.74276,475500
7/12/21,100.269997,100.419998,100,100.400002,97.061783,2612400
7/13/21,100.150002,100.57,99.961998,100.059998,96.733086,603900
7/14/21,100.339996,100.610001,99.82,100.129997,96.800758,2245800
7/15/21,100.080002,100.080002,99.300003,99.82,96.501076,606800
7/16/21,99.989998,100.129997,98.974998,99.110001,95.814682,580900
7/19/21,97.910004,97.985001,97,97.629997,94.383888,862500
7/20/21,98,99.455002,97.720001,99.120003,95.824348,1421300
7/21/21,99.309998,99.934998,99.309998,99.889999,96.568748,933100
7/22/21,99.910004,100.190002,99.724998,100.120003,96.7911,459300
7/23/21,100.75,101.300003,100.480003,101.25,97.883522,12671600
7/26/21,101.209999,101.449997,101.040001,101.449997,98.076866,2517700
7/27/21,101.07,101.07,100.161003,100.900002,97.545158,1055500
7/28/21,100.93,101.194,100.550003,100.860001,97.506493,1343700
7/29/21,100.839996,101.540001,100.839996,101.269997,97.902855,749100
7/30/21,100.610001,101.050003,100.529999,100.660004,97.313141,1429100
8/2/21,101.190002,101.220001,100.459999,100.529999,97.187462,724500
8/3/21,100.817001,101.290001,100.150002,101.290001,97.922188,897500
8/4/21,100.949997,101.150002,100.754997,100.900002,97.545158,1359400
8/5/21,101.360001,101.540001,101.050003,101.529999,98.154213,668600
8/6/21,101.693001,101.75,101.449997,101.610001,98.231567,541900
8/9/21,101.610001,101.690002,101.330002,101.57,98.192886,783100
8/10/21,101.75,101.860001,101.445,101.57,98.192886,990300
8/11/21,101.769997,101.849998,101.525002,101.809998,98.424904,722400
8/12/21,101.730003,102.120003,101.559998,102.089996,98.695587,835400
8/13/21,102.269997,102.279999,102.084999,102.279999,98.87928,745400
8/16/21,101.889999,102.5,101.540001,102.5,99.091972,1358300
8/17/21,102.050003,102.050003,101.059998,101.800003,98.41523,1915300
8/18/21,101.489998,101.910004,100.639999,100.669998,97.3228,793300
8/19/21,100,101.169998,99.949997,100.830002,97.477493,857300
8/20/21,100.809998,101.767998,100.809998,101.690002,98.308899,604500
8/23/21,102.290001,102.849998,102.019997,102.629997,99.217644,859100
8/24/21,102.82,102.959999,102.699997,102.830002,99.410995,3205100
8/25/21,102.830002,103.205002,102.809998,103.099998,99.672005,1209700
8/26/21,102.940002,103.080002,102.440002,102.480003,99.072624,940100
8/27/21,102.75,103.485001,102.650002,103.379997,99.942703,1763400
8/30/21,103.790001,104.059998,103.529999,103.860001,100.406746,628000
8/31/21,104,104.129997,103.550003,103.720001,100.2714,861700
9/1/21,103.839996,104.07,103.720001,103.779999,100.329391,826500
9/2/21,104.129997,104.269997,103.779999,104.120003,100.658112,700600
9/3/21,103.889999,104.230003,103.759003,104.120003,100.658112,599400
9/7/21,104.093002,104.110001,103.519997,103.709999,100.261726,686300
9/8/21,103.550003,103.699997,103.040001,103.519997,100.078049,737800
9/9/21,103.459999,103.934998,103.040001,103.150002,99.720352,937100
9/10/21,103.580002,103.699997,102.269997,102.32,98.917953,881800
9/13/21,102.949997,103.059998,101.989998,102.480003,99.072624,1204600
9/14/21,102.879997,102.931,101.769997,102,98.608589,1378200
9/15/21,102.182999,102.980003,101.849998,102.870003,99.449677,719000
9/16/21,102.68,102.987999,102.019997,102.709999,99.294983,780800
9/17/21,102.5,102.68,101.668999,101.760002,98.376572,787800
9/20/21,100.129997,100.589996,98.809998,99.989998,96.665413,973900
9/21/21,100.519997,100.879997,99.800003,99.93,96.607422,1059200
9/22/21,100.480003,101.410004,100.25,100.949997,97.593506,833400
9/23/21,101.370003,102.559998,101.360001,102.150002,98.753601,648900
9/24/21,101.489998,102.129997,101.315002,101.949997,98.869011,687400
9/27/21,101.660004,101.940002,101.464996,101.650002,98.578064,675000
9/28/21,100.82,100.970001,99.339996,99.470001,96.463951,1008800
9/29/21,99.800003,100.169998,99.419998,99.510002,96.502754,1103000
9/30/21,99.919998,100.099998,98.379997,98.459999,95.484482,850200
10/1/21,98.75,99.959999,98,99.550003,96.541534,725700
10/4/21,99.18,99.389999,97.669998,98.209999,95.242035,936400
10/5/21,98.639999,99.790001,98.43,99.239998,96.240898,573700
10/6/21,98.449997,99.739998,98,99.699997,96.686996,714200
10/7/21,100.400002,101.239998,100.400002,100.540001,97.501617,754400
10/8/21,100.730003,100.809998,100.212997,100.309998,97.278572,523000
10/11/21,100.253998,100.900002,99.665001,99.669998,96.657913,431700
10/12/21,99.800003,100.050003,99.32,99.510002,96.502754,599700
10/13/21,99.800003,100.139999,99.160004,99.989998,96.968231,666700
10/14/21,100.800003,101.769997,100.800003,101.760002,98.684753,622400
10/15/21,102.160004,102.529999,102.053001,102.419998,99.324799,876100
10/18/21,102,102.860001,101.870003,102.82,99.712715,739500
10/19/21,103.160004,103.574997,103.050003,103.559998,100.430351,871700
10/20/21,103.674004,103.995003,103.589996,103.919998,100.779472,850100
10/21/21,103.75,104.230003,103.610001,104.169998,101.021912,2262800
10/22/21,104.050003,104.364998,103.550003,104.010002,100.866753,1413900
10/25/21,104.220001,104.629997,103.830002,104.510002,101.351646,745000
10/26/21,104.900002,105.260002,104.578003,104.650002,101.487411,1961700
10/27/21,104.790001,104.910004,104.150002,104.169998,101.021912,982000
10/28/21,104.370003,105.199997,104.370003,105.169998,101.991692,817900
10/29/21,104.510002,105.489998,104.510002,105.400002,102.214752,640100
11/1/21,105.660004,105.730003,105.184998,105.629997,102.437798,1285900
11/2/21,105.650002,105.995003,105.580002,105.940002,102.738419,812400
11/3/21,105.839996,106.699997,105.675003,106.629997,103.407578,737300
11/4/21,106.769997,107.160004,106.68,107.110001,103.873055,965700
11/5/21,107.650002,107.910004,106.980003,107.339996,104.096107,735300
11/8/21,107.5,107.730003,107.264999,107.470001,104.222183,705600
11/9/21,107.610001,107.669998,106.830002,107.160004,103.921555,914100
11/10/21,106.699997,107.160004,105.849998,106.230003,103.019669,837000
11/11/21,106.639999,106.639999,106.169998,106.169998,102.961479,704800
11/12/21,106.5,107.190002,106.290001,107.080002,103.843987,608800
11/15/21,107.389999,107.389999,106.800003,107.059998,103.824585,801400
11/16/21,107.07,107.879997,107.059998,107.580002,104.328873,915900
11/17/21,107.580002,107.589996,107.109001,107.220001,103.979759,1211200
11/18/21,107.459999,107.610001,106.800003,107.550003,104.299767,1007900
11/19/21,107.510002,107.838997,107.300003,107.360001,104.115517,1253600
11/22/21,107.760002,108.336998,106.839996,106.839996,103.611237,1202400
11/23/21,106.75,107.169998,106.029999,106.889999,103.659721,848300
11/24/21,106.518997,107.214996,106.139999,107.199997,103.96035,903800
11/26/21,105.589996,105.940002,104.610001,104.769997,101.603783,644100
11/29/21,106,106.606003,105.470001,106.129997,102.922684,920400
11/30/21,105.57,106.019997,103.959999,104.089996,100.944336,2373600
12/1/21,105.239998,106.050003,102.669998,102.699997,99.596336,2060200
12/2/21,102.699997,104.739998,102.686996,104.339996,101.186768,1090000
12/3/21,104.760002,104.919998,102.25,103.260002,100.13942,950000
12/6/21,103.769997,104.900002,103.139999,104.440002,101.28376,707600
12/7/21,105.839996,106.879997,105.839996,106.730003,103.504555,808200
12/8/21,106.830002,107.220001,106.489998,107.129997,103.892448,608500
12/9/21,106.779999,107.040001,106.169998,106.239998,103.029358,726500
12/10/21,106.919998,107.080002,106.152,107.029999,103.795486,588000
12/13/21,106.669998,106.709999,105.730003,105.800003,102.899742,692400
12/14/21,104.879997,105.489998,104.230003,104.910004,102.034126,1028600
12/15/21,104.860001,106.68,104.339996,106.639999,103.716705,938500
12/16/21,107,107.124001,105.160004,105.580002,102.685768,1289000
12/17/21,104.949997,105.68,104.129997,104.610001,101.742355,1382600
12/20/21,103.489998,103.489998,102.559998,103.440002,100.604431,1852000
12/21/21,104.290001,105.370003,103.735001,105.290001,102.403702,873800
12/22/21,105.290001,106.339996,105.209999,106.309998,103.39576,863200
12/23/21,106.400002,107.330002,106.400002,106.970001,104.037674,792900
12/27/21,107.309998,108.459999,107.300003,108.459999,105.486816,1037600
12/28/21,108.559998,108.769997,108.129997,108.330002,105.360382,788200
12/29/21,108.330002,108.669998,108.044998,108.419998,105.447914,655000
12/30/21,108.449997,108.820999,108.125,108.230003,105.263123,570000
12/31/21,108.07,108.400002,107.870003,107.900002,104.942169,572900
1/3/22,108.199997,108.510002,107.599998,108.440002,105.467361,922500
1/4/22,108.779999,108.910004,107.739998,108.25,105.282585,909300
1/5/22,108.169998,108.269997,105.910004,105.970001,103.065079,4483900
1/6/22,105.68,106.560997,105.25,105.900002,102.996994,1867800
1/7/22,105.927002,106.220001,105.099998,105.419998,102.530144,738700
1/10/22,104.5,105.360001,103.190002,105.330002,102.442627,1092400
1/11/22,105.290001,106.32,104.57,106.32,103.405487,799400
1/12/22,106.755997,107.080002,106.080002,106.57,103.648628,743000
1/13/22,106.769997,106.899002,104.669998,104.93,102.053589,1088400
1/14/22,104.059998,104.93,103.732002,104.839996,101.966049,961000
1/18/22,103.760002,103.760002,102.690002,102.949997,100.127861,5533200
1/19/22,103.300003,103.709999,101.809998,101.830002,99.038559,2578100
1/20/22,102.370003,103.540001,100.639999,100.800003,98.036804,1370600
1/21/22,100.379997,101.050003,98.769997,98.769997,96.062431,2114900
1/24/22,97.300003,99.385002,94.839996,99.209999,96.490387,3469100
1/25/22,97.637001,99.150002,96.370003,97.910004,95.226028,1423200
1/26/22,99.599998,100.040001,96.550003,97.470001,94.79808,1084900
1/27/22,98.650002,99.349998,96.589996,97.029999,94.370148,4177000
1/28/22,97.230003,99.449997,96.183998,99.43,96.704353,2473000
1/31/22,99.309998,101.480003,99.029999,101.410004,98.630081,1150300
2/1/22,101.709999,102.239998,100.720001,102.129997,99.330345,1434500
2/2/22,102.660004,103.019997,101.952003,102.790001,99.97226,1361100
2/3/22,101.220001,101.785004,100.080002,100.279999,97.531052,1194500
2/4/22,100.349998,101.800003,99.75,100.849998,98.085426,1059400
2/7/22,101.129997,101.434998,100.276001,100.589996,97.832565,1050600
2/8/22,100.419998,101.639999,100.129997,101.43,98.649536,1401200
2/9/22,102.379997,103.040001,102.379997,102.949997,100.127861,1267500
2/10/22,101.550003,103.135002,100.665001,101.129997,98.35775,1261400
2/11/22,101.209999,101.660004,98.75,99.099998,96.3834,1142300
2/14/22,98.879997,99.389999,97.980003,98.739998,96.033279,1639600
2/15/22,100.089996,100.459999,99.709999,100.410004,97.657494,1292700
2/16/22,99.879997,100.75,99.379997,100.410004,97.657494,1049100
2/17/22,99.75,99.779999,98.040001,98.139999,95.449707,1165300
2/18/22,98.190002,98.510002,96.915001,97.459999,94.788353,1562800
2/22/22,96.900002,97.720001,95.599998,96.379997,93.737968,1512900
2/23/22,97.160004,97.220001,94.470001,94.610001,92.016487,1851800
2/24/22,91.910004,96.370003,91.870003,96.279999,93.640701,1825600
2/25/22,96.57,98.389999,96.099998,98.339996,95.644234,1119800
2/28/22,97.169998,98.610001,96.879997,98.160004,95.469177,1632800
3/1/22,97.970001,98.330002,96.099998,96.720001,94.068649,1247100
3/2/22,97.220001,98.82,96.959999,98.43,95.731766,1336500
3/3/22,99.029999,99.110001,97.419998,97.889999,95.206558,957000
3/4/22,97.059998,97.237999,95.980003,96.940002,94.282616,921400
3/7/22,96.879997,96.900002,94.07,94.089996,91.510735,1099700
3/8/22,94.209999,95.779999,93.07,93.349998,90.791023,1216000
3/9/22,95.309998,96.410004,94.919998,95.93,93.300293,1680900
3/10/22,94.809998,95.550003,94.230003,95.339996,92.726471,827600
3/11/22,95.849998,96.059998,93.849998,94,91.423203,2135200
3/14/22,94.110001,94.919998,92.900002,93.129997,90.577049,2236000
3/15/22,93.800003,95.379997,93.489998,95.190002,92.580582,1210800
3/16/22,96.150002,97.529999,95.014999,97.529999,94.856445,1224600
3/17/22,97.099998,98.82,96.990997,98.809998,96.101341,982700
3/18/22,98.43,100.120003,98.410004,100,97.258728,1410100
3/21/22,100.019997,100.510002,99.080002,99.940002,97.200371,1410000
3/22/22,100.269997,101.419998,100.269997,101.18,98.40638,879900
3/23/22,100.580002,101,99.879997,99.900002,97.161476,825000
3/24/22,100.209999,101.07,99.790001,101.059998,98.607506,975100
3/25/22,101.279999,101.559998,100.540001,101.449997,98.988029,957400
3/28/22,101.699997,102.209999,100.860001,102.199997,99.719841,940400
3/29/22,103.050003,103.760002,102.599998,103.629997,101.115143,965700
3/30/22,103.400002,103.489998,102.401001,102.910004,100.412621,984600
3/31/22,102.779999,102.887001,101.239998,101.349998,98.890472,1445500
4/1/22,101.639999,101.660004,100.739998,101.580002,99.114883,1046300
4/4/22,101.580002,102.580002,101.489998,102.580002,100.090622,792000
4/5/22,102.260002,102.709999,100.910004,101.190002,98.734344,1041100
4/6/22,100.120003,100.510002,99.260002,99.940002,97.514694,816800
4/7/22,99.800003,100.860001,99.199997,100.43,97.992798,712200
4/8/22,100.330002,100.82,99.751999,100.110001,97.680565,697300
4/11/22,99.309998,99.43,98.269997,98.389999,96.002296,1064100
4/12/22,98.970001,99.718002,97.629997,97.949997,95.572975,869500
4/13/22,97.900002,99.309998,97.879997,99.160004,96.753609,888600
4/14/22,99.169998,99.503998,97.809998,97.839996,95.465645,627400
4/18/22,97.639999,98.220001,97.272003,97.779999,95.407104,900600
4/19/22,97.699997,99.650002,97.699997,99.489998,97.075607,867400
4/20/22,99.970001,100,99.120003,99.370003,96.958519,1123100
4/21/22,100.32,100.605003,97.559998,97.760002,95.387589,932300
4/22/22,97.559998,97.559998,95.029999,95.120003,92.811661,1119100
4/25/22,94.559998,95.739998,93.595001,95.699997,93.377579,4896600
4/26/22,95.07,95.120003,92.889999,92.93,90.674805,1175300
4/27/22,93.209999,94.400002,92.681999,93.129997,90.869949,1781000
4/28/22,94.260002,95.970001,93.209999,95.559998,93.240974,971700
4/29/22,94.599998,95.238998,91.860001,92.010002,89.77713,1357700
5/2/22,91.970001,92.93,90.550003,92.660004,90.411354,1496900
5/3/22,92.639999,93.650002,92.43,93.110001,90.850433,1243100
5/4/22,93.190002,96.029999,92.360001,95.860001,93.533707,1385600
5/5/22,94.870003,94.879997,91.309998,92.269997,90.030815,1182400
5/6/22,91.739998,92.469002,90.339996,91.610001,89.386833,1194100
5/9/22,90.010002,90.5,88.239998,88.559998,86.410851,1495900
5/10/22,90.059998,90.339996,87.779999,88.769997,86.615746,1508400
5/11/22,88.629997,89.815002,87.029999,87.209999,85.09362,1475200
5/12/22,86.239998,88.050003,85.639999,87.260002,85.142403,1882100
5/13/22,88.330002,89.82,88.120003,89.510002,87.337807,1391700
5/16/22,89.370003,89.889999,88.519997,89.040001,86.879196,1264300
5/17/22,90.57,90.980003,89.589996,90.980003,88.772118,1063200
5/18/22,89.800003,89.870003,86.900002,87.230003,85.113136,11749000
5/19/22,86.480003,87.790001,86.169998,86.690002,84.586243,2835000
5/20/22,87.660004,87.730003,84.75,86.889999,84.781387,1931700
5/23/22,87.459999,88.57,86.940002,88.43,86.284012,1949000
5/24/22,87.540001,87.849998,86.080002,87.610001,85.48391,1105900
5/25/22,87.290001,88.900002,87.18,88.43,86.284012,970200
5/26/22,88.720001,90.610001,88.650002,90.279999,88.089111,974900
5/27/22,90.760002,92.57,90.760002,92.57,90.32354,1150400
5/31/22,92,92.739998,91.290001,91.919998,89.689323,1119000
6/1/22,92.550003,92.720001,90.599998,91.209999,88.996552,1031400
6/2/22,91.059998,93.105003,90.75,93.089996,90.830917,1270600
6/3/22,92,92.339996,91.290001,91.510002,89.289261,857500
6/6/22,92.5,92.870003,91.519997,91.75,89.52343,862400
6/7/22,90.82,92.819,90.730003,92.720001,90.469894,774900
6/8/22,92.370003,92.738998,91.540001,91.75,89.52343,729700
6/9/22,90.93,91.516998,89.220001,89.220001,87.317513,836200
6/10/22,87.809998,87.849998,86.550003,86.550003,84.704437,1474900
6/13/22,84.699997,84.709999,82.830002,83.199997,81.425873,2557200
6/14/22,83.660004,83.834999,82.165001,82.849998,81.083344,2664600
6/15/22,83.720001,85.190002,82.550003,84.139999,82.345833,1556300
6/16/22,82.139999,82.260002,80.650002,81.269997,79.537025,2395600
6/17/22,81.169998,82.209999,80.639999,81.389999,79.654465,1527300
6/21/22,82.639999,83.800003,82.639999,83.449997,81.67054,2525600
6/22/22,82.339996,84.309998,82.339996,83.370003,81.592247,1607200
6/23/22,83.910004,84.400002,83.07,84.269997,82.473053,3094400
6/24/22,84.720001,86.940002,84.650002,86.900002,85.046974,1226500
6/27/22,87.220001,87.25,86.349998,86.629997,84.78273,1317100
6/28/22,86.75,87.519997,84.754997,84.82,83.01133,942100
6/29/22,84.849998,85.139999,84.25,84.739998,82.933037,888000
6/30/22,83.879997,84.739998,82.949997,83.900002,82.110954,2663400
7/1/22,83.889999,84.962997,83.199997,84.910004,83.099411,1623100
7/5/22,83.709999,85.110001,83.019997,85.07,83.256004,1059900
7/6/22,85.129997,85.964996,84.589996,85.43,83.608322,906000
7/7/22,85.699997,86.940002,85.639999,86.739998,84.890388,863200
7/8/22,86.32,87.110001,85.970001,86.650002,84.802307,839300
7/11/22,86.07,86.233002,85.470001,85.669998,83.843201,793200
7/12/22,85.529999,86.040001,84.389999,84.800003,82.99176,756700
7/13/22,83.519997,85.050003,83.389999,84.400002,82.600288,962500
7/14/22,83.279999,84.230003,82.559998,84.080002,82.287109,919600
7/15/22,85.080002,85.739998,84.639999,85.730003,83.901924,773400
7/18/22,86.43,86.626999,84.739998,85.059998,83.246208,1157200
7/19/22,85.949997,87.489998,85.785004,87.379997,85.516739,821400
7/20/22,87.370003,88.348999,87.139999,88.059998,86.182236,827800
7/21/22,88.010002,88.959999,87.330002,88.940002,87.043472,2701900
7/22/22,88.959999,89.300003,87.550003,88.089996,86.211586,2330300
7/25/22,88.260002,88.330002,87.591003,88.139999,86.260529,908600
7/26/22,87.769997,87.769997,86.827003,87.099998,85.242714,846600
7/27/22,87.860001,89.669998,87.720001,89.309998,87.405579,753200
7/28/22,89.540001,90.639999,88.669998,90.489998,88.560417,1386100
7/29/22,90.839996,92.050003,90.690002,91.900002,89.940361,1909800
8/1/22,91.309998,92.209999,91.040001,91.650002,89.695686,1069600
8/2/22,91.290001,92.150002,90.739998,91.059998,89.118271,1093200
8/3/22,91.610001,92.830002,91.521004,92.580002,90.605858,775600
8/4/22,92.529999,92.720001,92.110001,92.589996,90.615639,733300
8/5/22,91.589996,92.559998,91.512001,92.339996,90.370972,928900
8/8/22,92.739998,93.349998,92.012001,92.269997,90.302467,908200
8/9/22,92.07,92.140999,91.565002,91.870003,89.910995,969500
8/10/22,93.379997,93.945,93.150002,93.879997,91.878128,2282300
8/11/22,94.610001,95.089996,93.699997,93.800003,91.799858,719100
8/12/22,94.279999,95.489998,94.110001,95.459999,93.424446,654400
8/15/22,94.870003,95.959999,94.870003,95.879997,93.835487,629100
8/16/22,95.510002,96.410004,95.300003,95.970001,93.923569,862800
8/17/22,95.230003,95.889999,94.779999,95.279999,93.248276,767600
8/18/22,95.239998,95.671997,94.975998,95.529999,93.492943,2380700
8/19/22,94.919998,94.919998,93.989998,94.209999,92.201096,628300
8/22/22,93.059998,93.059998,92,92.190002,90.224167,772500
8/23/22,92.080002,92.721001,91.919998,92.019997,90.057793,740600
8/24/22,91.93,92.690002,91.849998,92.330002,90.361183,768900
8/25/22,92.660004,93.699997,92.510002,93.690002,91.692192,721700
8/26/22,93.629997,93.769997,90.43,90.43,88.501701,1233200
8/29/22,89.68,90.5,89.489998,89.769997,87.855774,843000
8/30/22,90.129997,90.129997,88.300003,88.82,86.926041,929600
8/31/22,89.169998,89.470001,88.120003,88.199997,86.319252,1365800
9/1/22,87.529999,88.32,86.849998,88.300003,86.417122,1200400
9/2/22,89.209999,89.459999,86.940002,87.400002,85.536316,933700
9/6/22,87.580002,87.769997,86.459999,87.010002,85.154633,927100
9/7/22,86.849998,88.769997,86.849998,88.629997,86.740089,952300
9/8/22,88.139999,89.269997,87.769997,89.190002,87.288147,838700
9/9/22,89.699997,90.879997,89.699997,90.720001,88.785522,837800
9/12/22,91.129997,91.830002,91.110001,91.660004,89.705482,831000
9/13/22,89.510002,89.800003,87.389999,87.589996,85.722252,1027100
9/14/22,87.849998,88.330002,87.195,87.900002,86.025658,940300
9/15/22,87.540001,88.260002,86.580002,86.910004,85.056763,1324300
9/16/22,85.970001,86.279999,85.370003,86.160004,84.322754,1016000
9/19/22,85.440002,86.839996,85.370003,86.839996,84.988251,1110600
9/20/22,86.019997,86.220001,85.139999,85.790001,83.960655,988900
9/21/22,86.230003,86.985001,84.25,84.25,82.453491,1700900
9/22/22,84.029999,84.32,83.331001,83.470001,81.690117,1595600
9/23/22,82.550003,82.669998,81.040001,82.110001,80.359116,2182500
9/26/22,81.400002,82.199997,80.580002,80.870003,79.528137,2280700
9/27/22,81.769997,82.220001,80.120003,80.699997,79.360954,2374600
9/28/22,80.959999,82.68,80.540001,82.330002,80.963913,2264400
9/29/22,81.360001,81.489998,79.889999,80.529999,79.193779,1760400
9/30/22,80.489998,81.32,79.360001,79.410004,78.092369,1973200
10/3/22,80.209999,81.949997,79.82,81.550003,80.196861,1239300
10/4/22,82.830002,84.050003,82.830002,84.050003,82.655373,1094300
10/5/22,83.099998,84.372002,82.480003,83.870003,82.478363,786100
10/6/22,83.510002,84.220001,82.900002,83.040001,81.662132,1287900
10/7/22,82.010002,82.029999,80.239998,80.639999,79.301949,1189800
10/10/22,80.910004,80.940002,79.419998,79.970001,78.643074,869900
10/11/22,79.459999,80.57,78.919998,79.400002,78.082527,1268200
10/12/22,79.480003,79.830002,79.099998,79.220001,77.905518,1081800
10/13/22,77.900002,81.559998,77.283997,81.230003,79.882156,1857000
10/14/22,81.888,82.18,79.160004,79.349998,78.033363,2008500
10/17/22,80.870003,81.650002,80.712997,81.379997,80.029678,877300
10/18/22,83.18,83.379997,81.589996,82.400002,81.032745,886000
10/19/22,81.769997,82.470001,81.089996,81.720001,80.364029,785400
10/20/22,81.489998,82.690002,80.839996,81.029999,79.685486,18547600
10/21/22,80.849998,83.129997,80.720001,83.040001,81.662132,3426000
10/24/22,83.300003,84.300003,82.739998,84,82.606209,2525800
10/25/22,83.940002,85.529999,83.940002,85.470001,84.051811,1119900
10/26/22,84.730003,86.129997,84.589996,84.849998,83.442101,1522100
10/27/22,85.07,85.559998,84.260002,84.43,83.029068,1514900
10/28/22,84.269997,86.469002,84.269997,86.349998,84.917206,980200
10/31/22,85.68,86.279999,85.57,85.75,84.327156,2183900
11/1/22,86.57,86.704002,85.18,85.419998,84.00264,2321600
11/2/22,85.209999,86.32,83.18,83.18,81.799805,1104300
11/3/22,82.349998,82.970001,81.790001,82.260002,80.895073,816100
11/4/22,83.610001,83.959999,82.014999,83.470001,82.084999,934300
11/7/22,83.800003,84.389999,83.260002,84.190002,82.793045,678000
11/8/22,84.629997,85.540001,83.860001,84.800003,83.392929,976900
11/9/22,84.139999,84.529999,82.849998,82.949997,81.573624,919100
11/10/22,86.089996,87.769997,85.720001,87.699997,86.244797,1492300
11/11/22,87.900002,88.879997,87.540001,88.650002,87.179047,915700
11/14/22,88.150002,89.009003,87.82,87.849998,86.392311,762500
11/15/22,89.110001,89.449997,87.790001,88.620003,87.149544,1056800
11/16/22,88.169998,88.379997,87.730003,87.889999,86.431656,1113600
11/17/22,86.599998,87.709999,86.599998,87.57,86.116966,752500
11/18/22,88.190002,88.260002,87.25,87.910004,86.451324,811000
11/21/22,87.489998,87.790001,87.139999,87.550003,86.097305,729700
11/22/22,88.080002,88.839996,87.709999,88.790001,87.316719,790600
11/23/22,88.639999,89.489998,88.639999,89.370003,87.887108,660800
11/25/22,89.150002,89.455002,89.150002,89.349998,87.867432,319500
11/28/22,88.669998,88.980003,87.681,87.879997,86.421822,722700
11/29/22,87.879997,88.184998,87.339996,87.739998,86.284142,747000
11/30/22,87.730003,90.529999,87.349998,90.529999,89.027847,846500
12/1/22,90.769997,91.120003,90.000999,90.510002,89.008186,1014100
12/2/22,89.209999,90.580002,89.209999,90.410004,88.909843,610500
12/5/22,89.660004,89.910004,88.339996,88.669998,87.198715,959600
12/6/22,88.610001,88.699997,86.864998,87.349998,85.900612,678300
12/7/22,87.050003,87.739998,86.970001,87.25,85.802277,1142300
12/8/22,87.769997,88.209999,87.305,87.989998,86.529991,778200
12/9/22,87.769997,88.279999,87.290001,87.349998,85.900612,551700
12/12/22,87.410004,88.589996,87.370003,88.589996,87.120041,1795300
12/13/22,90.800003,90.800003,88.269997,88.940002,87.811157,1288700
12/14/22,88.720001,89.669998,87.650002,88.370003,87.24839,745600
12/15/22,87.129997,87.348,85.769997,86.209999,85.115799,1249200
12/16/22,85.440002,85.800003,84.580002,85.07,83.99028,979700
12/19/22,85.269997,85.269997,83.931,84.300003,83.230057,869400
12/20/22,84.019997,84.760002,83.815002,84.43,83.358398,876200
12/21/22,84.860001,85.906998,84.82,85.720001,84.632027,780500
12/22/22,84.839996,84.839996,83.081001,84.360001,83.289284,922500
12/23/22,84.110001,84.864998,83.849998,84.839996,83.763184,838800
12/27/22,84.82,84.899002,84.160004,84.510002,83.437386,818400
12/28/22,84.449997,84.940002,83.400002,83.510002,82.450081,967800
12/29/22,84,85.18,84,85.029999,83.950775,713900
12/30/22,84.260002,84.779999,83.879997,84.75,83.674332,873700
1/3/23,85.32,85.629997,83.760002,84.440002,83.368271,838700
1/4/23,84.879997,85.510002,84.220001,85.029999,83.950775,1752100
1/5/23,84.730003,84.730003,83.849998,84.050003,82.983223,857600
1/6/23,84.599998,86.139999,83.980003,85.900002,84.809746,643500
1/9/23,86.389999,87.18,85.870003,85.900002,84.809746,1330700
1/10/23,85.75,86.599998,85.610001,86.599998,85.500847,875800
1/11/23,86.849998,87.699997,86.769997,87.639999,86.527657,9591500
1/12/23,87.870003,88.357002,86.980003,88.050003,86.932457,2312700
1/13/23,87.220001,88.57,87.220001,88.470001,87.34713,1355600
1/17/23,88.389999,88.838997,88.150002,88.32,87.199028,1224400
1/18/23,88.529999,88.830002,86.849998,86.889999,85.787178,1022700
1/19/23,86.279999,86.720001,85.870003,86.18,85.086189,2292300
1/20/23,86.400002,87.870003,86.139999,87.809998,86.695496,742300
1/23/23,87.889999,89.360001,87.800003,88.910004,87.78154,1133600
1/24/23,88.470001,88.989998,88.220001,88.760002,87.633446,908900
1/25/23,87.709999,88.830002,87.255997,88.790001,87.663055,822200
1/26/23,89.360001,89.82,88.730003,89.790001,88.65036,1032600
1/27/23,89.480003,90.589996,89.470001,90.080002,88.936684,737800
1/30/23,89.400002,89.919998,88.839996,88.900002,87.77166,901100
1/31/23,88.93,90.25,88.93,90.239998,89.094658,1423300
2/1/23,89.910004,91.839996,89.300003,91.209999,90.052345,1038200
2/2/23,92.139999,92.93,91.699997,92.639999,91.464195,776100
2/3/23,91.449997,92.620003,91.290001,91.580002,90.417648,1130300
2/6/23,91,91.279999,90.660004,90.949997,89.795639,664400
2/7/23,90.82,92.370003,90.379997,92.099998,90.931053,759900
2/8/23,91.599998,91.940002,90.900002,91.080002,89.923996,1073500
2/9/23,91.790001,91.879997,89.956001,90.209999,89.065033,518800
2/10/23,89.910004,90.459999,89.760002,90.389999,89.242752,497400
2/13/23,90.440002,91.459999,90.440002,91.449997,90.289291,552600
2/14/23,91.230003,91.989998,90.57,91.510002,90.348541,848600
2/15/23,90.879997,91.889999,90.830002,91.889999,90.723709,912300
2/16/23,90.669998,91.660004,90.571999,90.620003,89.469833,540200
2/17/23,90.07,90.379997,89.620003,90.309998,89.163765,540100
2/21/23,89.32,89.595001,88.413002,88.449997,87.327377,700100
2/22/23,88.559998,88.949997,88.040001,88.379997,87.258255,1274500
2/23/23,89.029999,89.260002,87.93,88.93,87.801285,769000
2/24/23,87.720001,88.110001,87.339996,87.879997,86.764603,1105900
2/27/23,88.68,89.010002,88.035004,88.220001,87.100288,954300
2/28/23,88.110001,88.559998,87.870003,87.870003,86.754738,1075500
3/1/23,87.650002,88,87.275002,87.589996,86.478279,577500
3/2/23,87.080002,88.464996,87.040001,88.25,87.129913,641900
3/3/23,88.720001,89.720001,88.57,89.669998,88.531883,530300
3/6/23,89.870003,90.349998,89.550003,89.620003,88.482529,601900
3/7/23,89.540001,89.660004,88.117996,88.25,87.129913,934300
3/8/23,88.18,88.559998,87.873001,88.389999,87.268127,736600
3/9/23,88.43,88.929001,86.540001,86.730003,85.629211,570100
3/10/23,86.489998,87.029999,85.019997,85.410004,84.325958,897600
3/13/23,84.480003,86.339996,84.193001,85.25,84.167984,1012600
3/14/23,86.410004,87.047997,85.589996,86.620003,85.520607,832100
3/15/23,85.260002,86.139999,84.839996,86.139999,85.046692,1027100
3/16/23,85.519997,87.68,85.449997,87.57,86.458542,709300
3/17/23,87.150002,87.519997,86.190002,86.540001,85.441612,50697000
3/20/23,86.629997,87.480003,86.540001,87.330002,86.221588,10653400
3/21/23,88.029999,88.666,87.834999,88.580002,87.455727,2410500
3/22/23,88.449997,89.330002,87.019997,87.050003,85.945145,2131500
3/23/23,87.160004,88.158997,86.18,86.760002,86.123825,1230300
3/24/23,86.349998,87.317001,85.910004,87.300003,86.659866,964700
3/27/23,87.739998,88.019997,87.269997,87.470001,86.828613,1007000
3/28/23,87.279999,87.5,86.860001,87.290001,86.649933,995600
3/29/23,88.07,88.660004,88.010002,88.580002,87.930473,3155000
3/30/23,89.089996,89.292,88.681,89.089996,88.436729,842300
3/31/23,89.389999,90.5,89.286003,90.449997,89.786758,1148900
4/3/23,90.290001,90.800003,90.150002,90.660004,89.995232,790500
4/4/23,90.790001,90.889999,89.850998,90.139999,89.479034,2403700
4/5/23,89.839996,90.057999,89.389999,89.769997,89.111748,1682300
4/6/23,89.489998,90.139999,89.32,90.089996,89.429405,529300
4/10/23,89.489998,90.220001,89.379997,90.220001,89.558449,579000
4/11/23,90.25,90.580002,90.080002,90.260002,89.598152,527800
4/12/23,90.739998,90.800003,89.75,89.879997,89.22094,1699600
4/13/23,90.040001,91.154999,90.014999,91.040001,90.372437,1591900
4/14/23,90.82,91.448997,90.309998,90.830002,90.163979,777200
4/17/23,90.800003,91.18,90.550003,91.160004,90.491562,642400
4/18/23,91.470001,91.574997,90.93,91.239998,90.570969,543100
4/19/23,90.75,91.400002,90.75,91.25,90.580894,625700
4/20/23,90.510002,91.117996,90.339996,90.690002,90.025002,4133000
4/21/23,90.730003,90.900002,90.360001,90.809998,90.144127,732500
4/24/23,90.849998,90.980003,90.400002,90.849998,90.18383,536600
4/25/23,90.330002,90.459999,89.309998,89.32,88.665047,426700
4/26/23,89.449997,89.769997,88.860001,88.970001,88.317612,535000
4/27/23,89.5,90.82,89.5,90.779999,90.114342,489000
4/28/23,90.550003,91.529999,90.550003,91.529999,90.858841,507200
5/1/23,91.519997,91.889999,91.400002,91.459999,90.78936,807300
5/2/23,91.260002,91.260002,89.779999,90.440002,89.77684,452800
5/3/23,90.459999,91.055,89.779999,89.830002,89.17131,836100
5/4/23,89.529999,89.584999,88.860001,89.150002,88.4963,632800
5/5/23,89.93,91.050003,89.93,90.800003,90.134201,401600
5/8/23,90.790001,90.93,90.581001,90.830002,90.163979,486300
5/9/23,90.379997,90.699997,90.349998,90.459999,89.796692,359700
5/10/23,91.080002,91.239998,90.035004,90.910004,90.243393,501600
5/11/23,90.669998,90.724998,90.239998,90.669998,90.005142,609300
5/12/23,90.860001,90.989998,90.026001,90.559998,89.895958,412800
5/15/23,90.599998,90.970001,90.290001,90.910004,90.243393,338300
5/16/23,90.68,90.790001,90.209999,90.209999,89.548523,581300
5/17/23,90.550003,91.480003,90.32,91.370003,90.70002,401500
5/18/23,91.199997,92.339996,91.199997,92.25,91.573563,465800
5/19/23,92.410004,92.540001,91.806,92.07,91.394882,439400
5/22/23,92.019997,92.470001,91.809998,92.139999,91.464371,1147000
5/23/23,91.720001,92.010002,91.059998,91.120003,90.451851,611700
5/24/23,90.68,90.809998,90.160004,90.440002,89.77684,609100
5/25/23,91.18,91.489998,90.730003,91.209999,90.541191,1239400
5/26/23,91.349998,92.620003,91.349998,92.489998,91.811806,555000
5/30/23,92.910004,93,92.150002,92.440002,91.762177,662700
5/31/23,91.940002,92.220001,91.57,91.940002,91.265839,1071300
6/1/23,91.889999,93.080002,91.727997,92.839996,92.159241,687200
6/2/23,93.419998,94.449997,93.360001,94.239998,93.548965,748200
6/5/23,94.379997,94.617996,93.910004,94.080002,93.390144,691700
6/6/23,94.050003,94.440002,93.870003,94.330002,93.638313,2480500
6/7/23,94.099998,94.330002,93.519997,93.620003,93.228043,515800
6/8/23,93.540001,94.260002,93.43,94.209999,93.815567,785200
6/9/23,94.440002,94.778,94.040001,94.290001,93.895233,682400
6/12/23,94.43,95.18,94.372002,95.18,94.781502,553000
6/13/23,95.57,95.970001,95.400002,95.849998,95.4487,453500
6/14/23,95.959999,96.330002,95.111,95.940002,95.538322,525000
6/15/23,95.589996,97.370003,95.589996,97.120003,96.713387,813100
6/16/23,97.669998,97.669998,96.660004,96.730003,96.32502,684400
6/20/23,96.129997,96.470001,95.769997,96.25,95.847023,829100
6/21/23,95.940002,96.120003,95.580002,95.669998,95.269455,421800
6/22/23,95.360001,96,95.349998,95.989998,95.588112,1262300
6/23/23,95.279999,95.620003,95.089996,95.220001,94.821342,476400
6/26/23,95.029999,95.568001,94.830002,94.860001,94.462845,461300
6/27/23,95.089996,96.084999,95,95.93,95.528366,400800
6/28/23,95.75,96.18,95.540001,95.970001,95.568199,516300
6/29/23,95.809998,96.391998,95.809998,96.330002,95.926689,2135400
6/30/23,96.970001,97.669998,96.970001,97.459999,97.051956,2057400
7/3/23,97.459999,97.68,97.360001,97.639999,97.231209,1357700
7/5/23,97.190002,97.610001,97.186996,97.449997,97.042,625700
7/6/23,96.510002,96.730003,96.040001,96.639999,96.23539,457900
7/7/23,96.370003,97.360001,96.370003,96.440002,96.036232,527100
7/10/23,96.279999,96.769997,96.279999,96.760002,96.354889,427800
7/11/23,96.870003,97.529999,96.760002,97.43,97.022087,390500
7/12/23,98.290001,98.519997,97.959999,98.209999,97.79882,630700
7/13/23,98.610001,99.199997,98.610001,99.029999,98.615387,662900
7/14/23,99.129997,99.400002,98.760002,98.889999,98.475975,531200
7/17/23,98.809998,99.558998,98.809998,99.339996,98.924088,476100
7/18/23,99.25,100.279999,99.199997,100.139999,99.720741,507300
7/19/23,100.309998,100.699997,100.260002,100.440002,100.019485,1563000
7/20/23,100.050003,100.349998,99.459999,99.639999,99.222832,15534100
7/21/23,100.010002,100.139999,99.68,99.739998,99.322411,3188000
7/24/23,99.879997,100.32,99.830002,100.139999,99.720741,1071000
7/25/23,99.980003,100.714996,99.980003,100.43,100.009521,950100
7/26/23,100.089996,100.720001,99.959999,100.440002,100.019485,934600
7/27/23,101.150002,101.279999,99.5,99.669998,99.252708,533100
7/28/23,100.419998,100.839996,100.239998,100.669998,100.24852,998300
7/31/23,100.720001,101.029999,100.510002,100.860001,100.437721,1807200
8/1/23,100.660004,100.699997,100.334999,100.589996,100.168854,680800
8/2/23,99.769997,99.900002,98.959999,99.120003,98.705009,608100
8/3/23,98.720001,99.25,98.489998,98.809998,98.396301,1082900
8/4/23,99.199997,99.786003,98.330002,98.440002,98.027863,609100
8/7/23,98.830002,99.260002,98.639999,99.25,98.834465,520600
8/8/23,98.57,98.849998,97.949997,98.75,98.336555,617700
8/9/23,98.760002,98.860001,97.93,98.089996,97.679321,481500
8/10/23,98.589996,99.419998,97.900002,98.169998,97.758987,546200
8/11/23,97.669998,98.330002,97.629997,98.080002,97.669365,408000
8/14/23,97.800003,98.650002,97.773003,98.650002,98.236977,344600
8/15/23,98.160004,98.290001,97.385002,97.510002,97.101753,650900
8/16/23,97.330002,97.764,96.730003,96.730003,96.32502,675500
8/17/23,97.019997,97.139999,95.879997,95.989998,95.588112,559500
8/18/23,95.239998,96.260002,95.210999,96.059998,95.657822,472600
8/21/23,96.209999,96.82,95.760002,96.660004,96.25531,557700
8/22/23,97.089996,97.089996,96.25,96.349998,95.946602,754300
8/23/23,96.559998,97.580002,96.550003,97.470001,97.06192,831400
8/24/23,97.790001,97.940002,96.099998,96.099998,95.697655,675800
8/25/23,96.480003,97.07,95.695,96.800003,96.394722,502600
8/28/23,97.25,97.559998,97,97.410004,97.002174,519200
8/29/23,97.400002,98.940002,97.330002,98.910004,98.495895,785600
8/30/23,98.989998,99.440002,98.839996,99.300003,98.884262,757100
8/31/23,99.419998,99.772003,99.209999,99.209999,98.794632,659400
9/1/23,99.790001,99.970001,99.120003,99.470001,99.053543,668100
9/5/23,99.25,99.410004,98.970001,99.010002,98.595474,338300
9/6/23,98.870003,98.870003,97.82,98.300003,97.888443,346100
9/7/23,97.5,98.139999,97.5,98,97.589699,408600
9/8/23,97.970001,98.5,97.910004,98.169998,97.758987,367300
9/11/23,98.699997,98.839996,98.400002,98.82,98.406265,447100
9/12/23,98.349998,98.769997,98.089996,98.18,97.768944,411500
9/13/23,98.110001,98.5,97.959999,98.209999,97.79882,320900
9/14/23,98.790001,99.209999,98.489998,99.080002,98.665176,340100
9/15/23,98.620003,98.75,97.739998,97.800003,97.390541,634700
9/18/23,97.660004,98.190002,97.650002,97.879997,97.4702,556000
9/19/23,97.620003,97.760002,97.025002,97.620003,97.211288,493900
9/20/23,97.82,98.018997,96.699997,96.739998,96.334969,449700
9/21/23,96.019997,96.050003,95.07,95.080002,94.681923,668600
9/22/23,95.330002,95.724998,94.809998,94.870003,94.472809,560100
9/25/23,94.550003,95.300003,94.550003,95.300003,94.901009,437100
9/26/23,94.32,94.398003,93.334999,93.480003,93.480003,1302200
9/27/23,93.720001,93.919998,92.769997,93.559998,93.559998,1125900
9/28/23,93.339996,94.480003,93.300003,94.120003,94.120003,505300
9/29/23,94.739998,94.849998,93.610001,93.910004,93.910004,724900
10/2/23,93.760002,94.139999,93.214996,93.809998,93.809998,455700
10/3/23,93.32,93.620003,92.190002,92.510002,92.510002,607100
10/4/23,92.540001,93.339996,92.300003,93.199997,93.199997,592100
10/5/23,93.120003,93.260002,92.349998,93.040001,93.040001,580300
10/6/23,92.449997,94.580002,92.279999,94.260002,94.260002,540100
10/9/23,93.730003,95,93.690002,94.849998,94.849998,371600
10/10/23,95.010002,95.980003,94.989998,95.410004,95.410004,445900
10/11/23,95.769997,95.889999,95.139999,95.839996,95.839996,817400
10/12/23,95.860001,95.989998,94.629997,95.150002,95.150002,668900
10/13/23,95.410004,95.739998,94.32,94.669998,94.669998,441800